,0,1,2,3,4,5,6,7,8,9,10,11,12,13,14,15,16,17,18,19,20,21,22,23,24,25,26,27,28,29,30,31,32,33,34,35,36,37,38,39,40,41,42,43,44,45,46,47,48,49,50,51,52,53,54,55,56,57,58,59
0,0,0,0,0,0,0,0,0,0,0,0,0,0,0,0,0,0,0,0,0,0,0,1,0,0,3,0,0,0,0,0,0,-10.0,-10.0,-10.0,-10.0,-10.0,-10.0,-10.0,-10.0,-10.0,-10.0,-10.0,-10.0,-10.0,0.0,0.0,-10.0,-10.0,-10.0,-10.0,-10.0,0.0,-10.0,-10.0,0.0,0.0,0.0,-10.0,0.0
1,0,0,0,0,0,0,0,0,0,0,0,0,0,0,0,0,0,0,0,0,0,2,0,3,0,5,0,0,4,0,0,0,-10.0,-10.0,-10.0,-10.0,-10.0,-10.0,-10.0,-10.0,-10.0,-10.0,-10.0,-10.0,-10.0,-10.0,-10.0,-10.0,-10.0,-10.0,-10.0,0.0,-10.0,0.0,-10.0,0.0,-10.0,-10.0,0.0,0.0
2,0,0,0,0,0,0,0,0,0,0,0,0,0,0,0,0,0,0,0,0,0,2,0,5,0,4,0,0,3,0,0,0,-10.0,-10.0,-10.0,-10.0,-10.0,-10.0,-10.0,-10.0,-10.0,-10.0,-10.0,-10.0,-10.0,-10.0,-10.0,-10.0,-10.0,-10.0,-10.0,0.0,-10.0,0.0,-10.0,0.0,-10.0,-10.0,0.0,0.0
3,0,0,0,0,0,0,0,0,0,0,0,0,0,0,0,0,0,0,0,0,1,0,0,0,0,0,0,3,4,0,0,0,-10.0,-10.0,-10.0,-10.0,-10.0,-10.0,0.0,0.0,0.0,-10.0,-10.0,-10.0,-10.0,-10.0,0.0,-10.0,-10.0,0.0,0.0,0.0,0.0,0.0,-2.25,-10.0,-10.0,0.0,0.0,0.0
4,0,0,0,0,0,0,0,0,0,0,0,0,0,0,0,0,0,0,2,0,0,3,0,0,0,0,0,1,4,0,0,0,-10.0,-10.0,-10.0,-10.0,0.0,0.0,-10.0,-10.0,0.0,-10.0,-10.0,-10.0,-10.0,-10.0,-10.0,0.0,0.0,0.0,0.0,0.0,0.0,0.0,-10.0,-10.0,-10.0,0.0,0.0,0.0
5,0,0,0,0,0,0,0,0,0,0,0,0,0,0,0,0,0,0,2,0,0,3,0,0,0,4,0,1,0,0,0,0,-10.0,-10.0,-10.0,-10.0,-10.0,0.0,-10.0,-10.0,0.0,-10.0,-10.0,-10.0,-10.0,-10.0,-10.0,0.0,0.0,0.0,0.0,0.0,0.0,0.0,-10.0,0.0,-10.0,0.0,-10.0,0.0
6,0,0,0,0,0,0,0,0,0,0,0,0,0,0,0,0,0,0,2,0,0,3,0,0,4,0,0,1,0,0,0,0,-10.0,-10.0,-10.0,-10.0,-10.0,0.0,-10.0,-10.0,-10.0,-10.0,-10.0,-10.0,-10.0,-10.0,-10.0,0.0,0.0,0.0,0.0,0.0,-10.0,-10.0,0.0,-10.0,-10.0,0.0,-10.0,0.0
7,0,0,0,0,0,0,0,0,0,0,0,0,0,0,0,0,0,0,2,0,3,0,0,0,4,0,0,1,0,0,0,0,-10.0,-10.0,-10.0,-10.0,0.0,0.0,-10.0,-10.0,-10.0,-10.0,-10.0,-10.0,-10.0,-10.0,-10.0,-10.0,0.0,0.0,0.0,0.0,-10.0,0.0,0.0,-10.0,-10.0,0.0,-10.0,0.0
8,0,0,0,0,0,0,0,0,0,0,0,0,0,0,0,0,0,0,2,0,3,4,0,0,0,6,1,0,5,0,0,0,-10.0,-10.0,-10.0,-10.0,-10.0,-10.0,-10.0,-10.0,-10.0,-10.0,-10.0,-10.0,-10.0,-10.0,-10.0,0.0,0.0,0.0,0.0,0.0,-10.0,0.0,0.0,0.0,0.0,-10.0,0.0,0.0
9,0,0,0,0,0,0,0,0,0,0,0,0,0,0,0,0,0,0,2,0,3,5,0,0,0,6,1,0,4,0,0,0,-10.0,-10.0,-10.0,-10.0,-10.0,-10.0,-10.0,-10.0,-10.0,-10.0,-10.0,-10.0,-10.0,-10.0,-10.0,0.0,0.0,0.0,0.0,0.0,0.0,0.0,0.0,0.0,0.0,-10.0,0.0,0.0
10,0,0,0,0,0,0,0,0,0,0,0,0,0,0,0,0,0,0,2,0,4,3,0,0,0,6,1,0,5,0,0,0,-10.0,-10.0,-10.0,-10.0,-10.0,-10.0,-10.0,-10.0,-10.0,-10.0,-10.0,-10.0,-10.0,-10.0,-10.0,0.0,0.0,0.0,0.0,0.0,0.0,0.0,0.0,0.0,0.0,-10.0,0.0,0.0
11,0,0,0,0,0,0,0,0,0,0,0,0,0,0,0,0,0,0,2,0,5,3,0,0,0,6,1,0,4,0,0,0,-10.0,-10.0,-10.0,-10.0,-10.0,-10.0,-10.0,-10.0,-10.0,-10.0,-10.0,-10.0,-10.0,-10.0,-10.0,0.0,0.0,-10.0,0.0,0.0,0.0,0.0,0.0,0.0,0.0,-10.0,0.0,0.0
12,0,0,0,0,0,0,0,0,0,0,0,0,0,0,0,0,0,0,2,6,0,3,0,0,0,4,0,0,5,0,0,0,-10.0,-10.0,-10.0,-10.0,-10.0,-10.0,-10.0,-10.0,-10.0,-10.0,-10.0,-10.0,-10.0,-10.0,-10.0,-10.0,0.0,0.0,-10.0,0.0,-10.0,-10.0,-10.0,0.0,-10.0,-10.0,0.0,0.0
13,0,0,0,0,0,0,0,0,0,0,0,0,0,0,0,0,0,0,3,0,0,0,1,0,0,0,0,0,0,0,0,0,-10.0,-10.0,-10.0,-10.0,-10.0,-10.0,-10.0,-10.0,-10.0,-10.0,-10.0,-10.0,-10.0,-10.0,0.0,-10.0,0.0,-10.0,-10.0,-10.0,0.0,-10.0,-10.0,-10.0,0.0,0.0,-10.0,0.0
14,0,0,0,0,0,0,0,0,0,0,0,0,0,0,0,0,0,0,3,0,0,2,0,0,4,0,0,1,0,0,0,0,-10.0,-10.0,-10.0,-10.0,0.0,0.0,-10.0,-10.0,0.0,-10.0,-10.0,-10.0,-10.0,-10.0,-10.0,0.0,0.0,0.0,0.0,0.0,0.0,-10.0,0.0,-10.0,-10.0,0.0,-10.0,0.0
15,0,0,0,0,0,0,0,0,0,0,0,0,0,0,0,0,0,0,3,0,2,0,0,4,6,5,0,0,0,0,0,0,-10.0,-10.0,-10.0,-10.0,-10.0,-10.0,-10.0,-10.0,-10.0,-10.0,-10.0,-10.0,-10.0,-10.0,-10.0,-10.0,0.0,-10.0,0.0,-10.0,-10.0,0.0,0.0,0.0,-10.0,-10.0,-10.0,0.0
16,0,0,0,0,0,0,0,0,0,0,0,0,0,0,0,0,0,0,3,0,5,2,0,0,0,6,1,0,4,0,0,0,-10.0,-10.0,-10.0,-10.0,-10.0,-10.0,-10.0,-10.0,-10.0,-10.0,-10.0,-10.0,-10.0,-10.0,-10.0,0.0,0.0,0.0,0.0,0.0,0.0,0.0,0.0,0.0,0.0,-10.0,0.0,0.0
17,0,0,0,0,0,0,0,0,0,0,0,0,0,0,0,0,0,0,3,6,2,0,0,0,4,0,0,0,5,0,0,0,-10.0,-10.0,-10.0,-10.0,-10.0,-10.0,-10.0,-10.0,-10.0,-10.0,-10.0,-10.0,-10.0,-10.0,-10.0,-10.0,0.0,0.0,0.0,0.0,0.0,-10.0,0.0,-10.0,-10.0,-10.0,0.0,0.0
18,0,0,0,0,0,0,0,0,0,0,0,0,0,0,0,0,0,0,4,0,3,2,0,0,0,6,1,0,5,0,0,0,-10.0,-10.0,-10.0,-10.0,-10.0,-10.0,-10.0,-10.0,-10.0,-10.0,-10.0,-10.0,-10.0,-10.0,-10.0,-10.0,0.0,0.0,0.0,0.0,0.0,0.0,0.0,0.0,0.0,-10.0,0.0,0.0
19,0,0,0,0,0,0,0,0,0,0,0,0,0,0,0,0,0,0,4,0,5,2,0,0,0,6,1,0,3,0,0,0,-10.0,-10.0,-10.0,-10.0,-10.0,-10.0,-10.0,-10.0,-10.0,-10.0,-10.0,-10.0,-10.0,-10.0,-10.0,0.0,0.0,0.0,0.0,0.0,0.0,0.0,0.0,0.0,0.0,-10.0,0.0,0.0
20,0,0,0,0,0,0,0,0,0,0,0,0,0,0,0,0,0,0,5,0,0,0,0,4,3,6,0,0,2,0,0,0,-10.0,-10.0,-10.0,-10.0,-10.0,-10.0,-10.0,-10.0,-10.0,-10.0,-10.0,-10.0,-10.0,-10.0,-10.0,-10.0,0.0,-10.0,0.0,0.0,0.0,0.0,0.0,0.0,-10.0,-10.0,0.0,0.0
21,0,0,0,0,0,0,0,0,0,0,0,0,0,0,0,0,0,0,5,0,2,0,4,3,0,0,0,0,0,0,0,0,-10.0,-10.0,-10.0,-10.0,-10.0,-10.0,-10.0,-10.0,-10.0,-10.0,-10.0,-10.0,-10.0,-10.0,-10.0,-10.0,0.0,0.0,0.0,0.0,0.0,0.0,-10.0,-10.0,-10.0,-10.0,0.0,0.0
22,0,0,0,0,0,0,0,0,0,0,0,0,0,0,0,0,0,0,5,0,4,2,0,0,0,6,1,0,3,0,0,0,-10.0,-10.0,-10.0,-10.0,-10.0,-10.0,-10.0,-10.0,-10.0,-10.0,-10.0,-10.0,-10.0,-10.0,-10.0,0.0,0.0,0.0,0.0,0.0,0.0,0.0,0.0,0.0,0.0,-10.0,0.0,0.0
23,0,0,0,0,0,0,0,0,0,0,0,0,0,0,0,0,0,0,5,1,0,0,0,0,0,6,0,4,2,0,0,0,-10.0,-10.0,-10.0,-10.0,-10.0,-10.0,-10.0,-10.0,-10.0,-10.0,-10.0,-10.0,-10.0,0.0,0.0,-10.0,0.0,0.0,-10.0,-10.0,-10.0,-10.0,-10.0,0.0,0.0,0.0,0.0,0.0
24,0,0,0,0,0,0,0,0,0,0,0,0,0,0,0,0,0,0,6,1,0,0,0,0,0,5,0,4,2,0,0,0,-10.0,-10.0,-10.0,-10.0,-10.0,-10.0,-10.0,-10.0,-10.0,-10.0,-10.0,-10.0,-10.0,0.0,0.0,-10.0,0.0,0.0,-10.0,-10.0,-10.0,-10.0,-10.0,0.0,-10.0,0.0,0.0,0.0
25,0,0,0,0,0,0,0,0,0,0,0,0,0,0,0,0,0,1,4,0,0,5,0,0,8,7,0,6,2,0,0,0,-10.0,-10.0,-10.0,-10.0,-10.0,-10.0,-10.0,-10.0,-10.0,-10.0,-10.0,-10.0,-10.0,-10.0,-10.0,0.0,0.0,-10.0,-10.0,0.0,-10.0,-10.0,0.0,0.0,-10.0,0.0,0.0,0.0
26,0,0,0,0,0,0,0,0,0,0,0,0,0,0,0,0,0,1,4,0,0,6,0,0,8,7,0,5,2,0,0,0,-10.0,-10.0,-10.0,-10.0,-10.0,-10.0,-10.0,-10.0,-10.0,-10.0,-10.0,-10.0,-10.0,-10.0,-10.0,0.0,0.0,-10.0,0.0,0.0,-10.0,0.0,0.0,0.0,-10.0,0.0,0.0,0.0
27,0,0,0,0,0,0,0,0,0,0,0,0,0,0,0,0,0,1,4,0,0,7,0,0,8,5,0,6,2,0,0,0,-10.0,-10.0,-10.0,-10.0,-10.0,-10.0,-10.0,-10.0,-10.0,-10.0,-10.0,-10.0,-10.0,-10.0,-10.0,0.0,0.0,-10.0,-10.0,0.0,-10.0,-10.0,0.0,0.0,-10.0,0.0,0.0,0.0
28,0,0,0,0,0,0,0,0,0,0,0,0,0,0,0,0,0,1,4,9,7,5,0,0,8,6,0,0,2,0,0,0,-10.0,-10.0,0.0,0.0,-10.0,-10.0,-10.0,-10.0,-10.0,0.0,-10.0,-10.0,-10.0,0.0,0.0,0.0,0.0,0.0,0.0,0.0,0.0,0.0,0.0,0.0,0.0,0.0,0.0,0.0
29,0,0,0,0,0,0,0,0,0,0,0,0,0,0,0,0,0,1,4,9,8,5,0,0,7,6,0,0,2,0,0,0,-10.0,-10.0,0.0,0.0,-10.0,-10.0,-10.0,-10.0,-10.0,0.0,-10.0,-10.0,-10.0,0.0,0.0,0.0,0.0,0.0,0.0,0.0,0.0,0.0,0.0,0.0,0.0,0.0,0.0,0.0
30,0,0,0,0,0,0,0,0,0,0,0,0,0,0,0,0,0,1,5,0,0,4,0,0,8,7,0,6,2,0,0,0,-10.0,-10.0,-10.0,-10.0,-10.0,-10.0,-10.0,-10.0,-10.0,-10.0,-10.0,-10.0,-10.0,-10.0,-10.0,0.0,0.0,-10.0,0.0,0.0,-10.0,0.0,0.0,0.0,-10.0,0.0,0.0,0.0
31,0,0,0,0,0,0,0,0,0,0,0,0,0,0,0,0,0,1,5,9,8,4,0,0,7,6,0,0,2,0,0,0,-10.0,-10.0,0.0,0.0,0.0,0.0,-10.0,-10.0,-10.0,-10.0,-10.0,-10.0,-10.0,0.0,0.0,0.0,0.0,0.0,0.0,0.0,0.0,0.0,0.0,0.0,0.0,0.0,0.0,0.0
32,0,0,0,0,0,0,0,0,0,0,0,0,0,0,0,0,0,1,6,0,0,4,0,0,8,7,0,5,2,0,0,0,-10.0,-10.0,-10.0,-10.0,-10.0,-10.0,-10.0,-10.0,-10.0,-10.0,-10.0,-10.0,-10.0,-10.0,-10.0,0.0,0.0,-10.0,-10.0,0.0,-10.0,-10.0,0.0,0.0,-10.0,0.0,0.0,0.0
33,0,0,0,0,0,0,0,0,0,0,0,0,0,0,0,0,0,1,7,0,0,4,0,0,8,5,0,6,2,0,0,0,-10.0,-10.0,-10.0,-10.0,-10.0,-10.0,-10.0,-10.0,-10.0,-10.0,-10.0,-10.0,-10.0,-10.0,0.0,0.0,0.0,-10.0,0.0,0.0,-10.0,-10.0,0.0,0.0,-10.0,0.0,0.0,0.0
34,0,0,0,0,0,0,0,0,0,0,0,0,0,0,0,0,0,3,4,0,0,0,0,1,0,0,0,0,0,0,0,0,-10.0,-10.0,0.0,-10.0,-10.0,-10.0,-10.0,-10.0,-10.0,-10.0,-10.0,-10.0,-10.0,-10.0,0.0,0.0,0.0,-10.0,0.0,0.0,0.0,0.0,0.027777777777777776,-10.0,-10.0,-10.0,-10.0,0.0
35,0,0,0,0,0,0,0,0,0,0,0,0,0,0,0,0,0,4,2,0,3,0,0,0,0,0,0,1,0,0,0,0,-10.0,-10.0,-10.0,-10.0,-10.0,-10.0,-10.0,-10.0,-10.0,-10.0,-10.0,-10.0,-10.0,-10.0,-10.0,0.0,0.0,-10.0,0.0,-10.0,-10.0,-10.0,-10.0,-10.0,-10.0,0.0,-10.0,0.0
36,0,0,0,0,0,0,0,0,0,0,0,0,0,0,0,0,0,4,3,0,0,0,0,0,0,5,0,0,1,0,0,0,-10.0,-10.0,0.0,0.0,0.0,0.0,0.0,0.0,0.0,0.0,-10.0,0.0,0.0,-10.0,0.0,0.0,0.0,-10.0,-10.0,-10.0,0.0,0.0,2.1000000000000014,0.0,-10.0,0.0,0.0,0.0
37,0,0,0,0,0,0,0,0,0,0,0,0,0,0,0,0,0,4,3,5,0,0,0,0,0,6,0,0,1,0,0,0,-10.0,-10.0,0.0,0.0,0.0,0.0,0.0,0.0,0.0,0.0,-10.0,-10.0,-10.0,-10.0,0.0,0.0,0.0,0.0,-10.0,-10.0,-10.0,-10.0,-10.0,0.0,-10.0,-10.0,0.0,0.0
38,0,0,0,0,0,0,0,0,0,0,0,0,0,0,0,0,0,6,0,0,0,3,0,0,4,2,0,0,5,0,0,0,-10.0,-10.0,-10.0,-10.0,-10.0,-10.0,-10.0,-10.0,-10.0,-10.0,-10.0,-10.0,-10.0,-10.0,-10.0,0.0,-10.0,0.0,-10.0,0.0,-10.0,0.0,0.0,0.0,-10.0,-10.0,0.0,0.0
39,0,0,0,0,0,0,0,0,0,0,0,0,0,0,0,0,0,6,2,0,3,0,0,4,0,0,0,0,5,0,0,0,-10.0,-10.0,-10.0,-10.0,-10.0,-10.0,-10.0,-10.0,-10.0,-10.0,-10.0,-10.0,-10.0,-10.0,-10.0,0.0,0.0,-10.0,0.0,-10.0,-10.0,0.0,-10.0,-10.0,-10.0,-10.0,0.0,0.0
40,0,0,0,0,0,0,0,0,0,0,0,0,0,0,0,0,0,6,4,0,0,2,0,5,0,3,0,0,0,0,0,0,-10.0,-10.0,-10.0,-10.0,-10.0,-10.0,-10.0,-10.0,-10.0,-10.0,-10.0,-10.0,-10.0,-10.0,-10.0,0.0,0.0,-10.0,-10.0,0.0,0.0,0.0,-10.0,0.0,-10.0,-10.0,-10.0,0.0
41,0,0,0,0,0,0,0,0,0,0,0,0,0,0,0,0,0,6,5,0,0,0,0,3,2,4,7,0,0,0,0,0,-10.0,-10.0,-10.0,-10.0,0.0,0.0,0.0,0.0,0.0,0.0,-10.0,-10.0,-10.0,-10.0,-10.0,0.0,0.0,0.0,0.0,0.0,0.0,0.0,0.0,0.0,0.0,-10.0,0.0,0.0
42,0,0,0,0,0,0,0,0,0,0,0,0,0,0,0,0,0,7,5,0,2,0,0,0,4,6,0,0,3,0,0,0,-10.0,-10.0,-10.0,-10.0,-10.0,-10.0,-10.0,-10.0,-10.0,-10.0,-10.0,-10.0,-10.0,-10.0,-10.0,0.0,0.0,-10.0,0.0,-10.0,0.0,0.0,0.0,0.0,-10.0,-10.0,0.0,0.0
43,0,0,0,0,0,0,0,0,0,0,0,0,0,0,0,0,1,0,0,0,0,3,0,0,4,0,0,0,2,0,0,0,-10.0,-10.0,-10.0,-10.0,-10.0,-10.0,-10.0,-10.0,-10.0,-10.0,-10.0,-10.0,-10.0,-10.0,0.0,-10.0,-10.0,-10.0,-10.0,0.0,-10.0,-10.0,0.0,-10.0,-10.0,-10.0,0.0,0.0
44,0,0,0,0,0,0,0,0,0,0,0,0,0,0,0,0,1,0,0,0,2,0,0,4,3,0,0,0,0,0,0,0,-10.0,-10.0,-10.0,-10.0,-10.0,-10.0,-10.0,-10.0,-10.0,-10.0,-10.0,-10.0,-10.0,-10.0,0.0,-10.0,-10.0,-10.0,0.0,-10.0,-10.0,0.0,0.0,-10.0,-10.0,-10.0,-10.0,0.0
45,0,0,0,0,0,0,0,0,0,0,0,0,0,0,0,0,1,0,0,0,3,2,0,0,0,0,0,0,4,0,0,0,-10.0,-10.0,-10.0,-10.0,-10.0,-10.0,-10.0,-10.0,-10.0,-10.0,-10.0,-10.0,-10.0,-10.0,0.0,-10.0,-10.0,-10.0,0.0,0.0,-10.0,-10.0,-10.0,-10.0,-10.0,-10.0,0.0,0.0
46,0,0,0,0,0,0,0,0,0,0,0,0,0,0,0,0,1,0,0,0,4,0,0,2,0,0,0,0,3,0,0,0,-10.0,-10.0,-10.0,-10.0,-10.0,-10.0,-10.0,-10.0,-10.0,-10.0,-10.0,-10.0,-10.0,-10.0,0.0,-10.0,-10.0,-10.0,0.0,-10.0,-10.0,0.0,-10.0,-10.0,-10.0,-10.0,0.0,0.0
47,0,0,0,0,0,0,0,0,0,0,0,0,0,0,0,0,1,0,2,0,0,0,0,0,4,5,0,0,3,0,0,0,-10.0,-10.0,-10.0,-10.0,-10.0,-10.0,-10.0,-10.0,-10.0,-10.0,-10.0,-10.0,-10.0,-10.0,0.0,-10.0,0.0,-10.0,-10.0,0.0,0.0,0.0,0.0,0.0,-10.0,-10.0,0.0,0.0
48,0,0,0,0,0,0,0,0,0,0,0,0,0,0,0,0,1,0,2,0,0,4,0,0,0,5,0,0,3,0,0,0,-10.0,-10.0,-10.0,-10.0,-10.0,-10.0,-10.0,-10.0,-10.0,-10.0,-10.0,-10.0,-10.0,-10.0,0.0,-10.0,0.0,-10.0,0.0,0.0,0.0,0.0,-10.0,0.0,-10.0,-10.0,0.0,0.0
49,0,0,0,0,0,0,0,0,0,0,0,0,0,0,0,0,1,0,3,0,0,2,0,0,0,5,0,0,4,0,0,0,-10.0,-10.0,-10.0,-10.0,-10.0,-10.0,-10.0,-10.0,-10.0,-10.0,-10.0,-10.0,-10.0,-10.0,0.0,-10.0,0.0,-10.0,0.0,0.0,-10.0,0.0,0.0,0.0,-10.0,-10.0,0.0,0.0
50,0,0,0,0,0,0,0,0,0,0,0,0,0,0,0,0,1,0,3,0,4,0,0,0,5,0,0,0,2,0,0,0,-10.0,-10.0,-10.0,-10.0,-10.0,-10.0,-10.0,-10.0,-10.0,-10.0,-10.0,-10.0,-10.0,-10.0,0.0,-10.0,0.0,-10.0,0.0,-10.0,-10.0,-10.0,0.0,-10.0,-10.0,-10.0,0.0,0.0
51,0,0,0,0,0,0,0,0,0,0,0,0,0,0,0,0,1,0,4,0,0,2,0,0,0,5,0,0,3,0,0,0,-10.0,-10.0,-10.0,-10.0,-10.0,-10.0,-10.0,-10.0,-10.0,-10.0,-10.0,-10.0,-10.0,-10.0,0.0,-10.0,0.0,-10.0,-10.0,0.0,-10.0,0.0,0.0,0.0,-10.0,-10.0,0.0,0.0
52,0,0,0,0,0,0,0,0,0,0,0,0,0,0,0,0,3,0,0,0,0,1,0,0,0,4,0,0,0,0,0,0,-10.0,-10.0,0.0,-10.0,-10.0,-10.0,-10.0,-10.0,-10.0,-10.0,-10.0,-10.0,-10.0,0.0,0.0,-10.0,-10.0,-10.0,-10.0,0.0,-10.0,-10.0,-10.0,0.0,0.0,0.0,-10.0,0.0
53,0,0,0,0,0,0,0,0,0,0,0,0,0,0,0,0,3,0,0,0,1,0,0,0,0,5,0,0,4,0,0,0,-10.0,-10.0,-10.0,-10.0,-10.0,-10.0,-10.0,-10.0,-10.0,-10.0,-10.0,-10.0,-10.0,0.0,0.0,-10.0,-10.0,-10.0,0.0,-10.0,-10.0,-10.0,-10.0,0.0,-10.0,0.0,0.0,0.0
54,0,0,0,0,0,0,0,0,0,0,0,0,0,0,0,0,3,0,4,0,0,1,0,0,0,0,0,0,0,0,0,0,-10.0,-10.0,-10.0,-10.0,-10.0,-10.0,-10.0,-10.0,-10.0,-10.0,-10.0,-10.0,-10.0,0.0,0.0,-10.0,0.0,-10.0,-10.0,0.0,-10.0,-10.0,-10.0,-10.0,0.0,0.0,-10.0,0.0
55,0,0,0,0,0,0,0,0,0,0,0,0,0,0,0,0,4,7,1,0,0,0,0,0,8,6,0,5,2,0,0,0,-10.0,-10.0,0.0,0.0,0.0,0.0,-10.0,-10.0,-10.0,0.0,-10.0,-10.0,-10.0,0.0,0.0,0.0,0.0,-10.0,-10.0,0.0,-10.0,-10.0,0.0,0.0,0.0,0.0,0.0,0.0
56,0,0,0,0,0,0,0,0,0,0,0,0,0,0,0,0,4,7,1,0,0,0,0,0,8,6,0,5,3,0,0,0,-10.0,-10.0,0.0,0.0,0.0,0.0,-10.0,-10.0,-10.0,0.0,-10.0,-10.0,-10.0,0.0,0.0,0.0,0.0,-10.0,-10.0,0.0,-10.0,-10.0,0.0,0.0,0.0,0.0,0.0,0.0
57,0,0,0,0,0,0,0,0,0,0,0,0,0,0,0,0,5,6,1,0,0,0,0,0,8,7,0,4,3,0,0,0,-10.0,-10.0,0.0,0.0,0.0,0.0,-10.0,-10.0,-10.0,0.0,0.0,-10.0,-10.0,0.0,0.0,0.0,0.0,-10.0,0.0,0.0,-10.0,-10.0,0.0,0.0,0.0,0.0,0.0,0.0
58,0,0,0,0,0,0,0,0,0,0,0,0,0,0,0,0,5,7,1,0,0,0,0,0,8,6,0,4,2,0,0,0,-10.0,-10.0,0.0,0.0,0.0,0.0,-10.0,-10.0,-10.0,0.0,-10.0,-10.0,-10.0,0.0,0.0,0.0,0.0,-10.0,-10.0,0.0,-10.0,-10.0,0.0,0.0,0.0,0.0,0.0,0.0
59,0,0,0,0,0,0,0,0,0,0,0,0,0,0,0,0,5,7,1,0,0,0,0,0,8,6,0,4,3,0,0,0,-10.0,-10.0,0.0,0.0,0.0,0.0,-10.0,-10.0,-10.0,0.0,0.0,-10.0,-10.0,0.0,0.0,0.0,0.0,-10.0,0.0,0.0,-10.0,-10.0,0.0,0.0,0.0,0.0,0.0,0.0
60,0,0,0,0,0,0,0,0,0,0,0,0,0,0,0,0,7,1,6,0,0,4,0,0,8,5,0,0,2,0,0,0,-10.0,-10.0,-10.0,-10.0,-10.0,-10.0,-10.0,-10.0,-10.0,-10.0,-10.0,-10.0,-10.0,-10.0,0.0,0.0,0.0,-10.0,-10.0,0.0,-10.0,-10.0,0.0,0.0,-10.0,0.0,0.0,0.0
61,0,0,0,0,0,0,0,0,0,0,0,0,0,0,0,1,0,0,0,0,3,2,0,0,0,0,0,0,0,0,0,0,-10.0,-10.0,-10.0,-10.0,-10.0,-10.0,-10.0,-10.0,-10.0,-10.0,-10.0,-10.0,-10.0,0.0,-10.0,-10.0,-10.0,-10.0,0.0,0.0,-10.0,-10.0,-10.0,-10.0,-10.0,-10.0,-10.0,0.0
62,0,0,0,0,0,0,0,0,0,0,0,0,0,0,0,1,0,0,2,0,0,3,0,0,0,4,0,0,0,0,0,0,-10.0,-10.0,-10.0,-10.0,-10.0,-10.0,-10.0,-10.0,-10.0,-10.0,-10.0,-10.0,-10.0,0.0,-10.0,0.0,0.0,-10.0,0.0,0.0,0.0,0.0,-10.0,0.0,-10.0,-10.0,0.0,0.0
63,0,0,0,0,0,0,0,0,0,0,0,0,0,0,0,1,0,0,2,0,3,0,0,0,0,0,0,0,4,0,0,0,-10.0,-10.0,-10.0,-10.0,-10.0,-10.0,-10.0,-10.0,-10.0,-10.0,-10.0,-10.0,-10.0,0.0,-10.0,-10.0,0.0,-10.0,0.0,0.0,-10.0,-10.0,-10.0,-10.0,-10.0,-10.0,0.0,0.0
64,0,0,0,0,0,0,0,0,0,0,0,0,0,0,0,1,0,0,3,0,0,2,0,0,0,4,0,0,0,0,0,0,-10.0,-10.0,-10.0,-10.0,-10.0,-10.0,-10.0,-10.0,-10.0,-10.0,-10.0,-10.0,-10.0,0.0,-10.0,-10.0,0.0,-10.0,0.0,0.0,-10.0,0.0,-10.0,0.0,-10.0,-10.0,0.0,0.0
65,0,0,0,0,0,0,0,0,0,0,0,0,0,0,1,0,0,0,0,0,0,2,0,0,0,0,0,0,0,0,0,0,-10.0,-10.0,-10.0,-10.0,-10.0,-10.0,-10.0,-10.0,-10.0,-10.0,-10.0,-10.0,0.0,-10.0,-10.0,-10.0,-10.0,-10.0,-10.0,0.0,-10.0,-10.0,-10.0,-10.0,-10.0,-10.0,-10.0,0.0
66,0,0,0,0,0,0,0,0,0,0,0,0,0,0,1,0,0,0,2,0,0,0,0,0,3,0,0,0,0,0,0,0,-10.0,-10.0,-10.0,-10.0,-10.0,-10.0,-10.0,-10.0,-10.0,-10.0,-10.0,-10.0,0.0,-10.0,-10.0,-10.0,0.0,-10.0,0.0,0.0,-10.0,0.0,0.0,-10.0,-10.0,-10.0,0.0,0.0
67,0,0,0,0,0,0,0,0,0,0,0,0,0,1,0,0,0,0,2,0,0,0,0,0,0,0,0,0,3,0,0,0,-10.0,-10.0,-10.0,-10.0,-10.0,-10.0,-10.0,-10.0,-10.0,-10.0,-10.0,0.0,-10.0,-10.0,-10.0,-10.0,0.0,-10.0,-10.0,0.0,-10.0,-10.0,-10.0,-10.0,-10.0,-10.0,0.0,0.0
68,0,0,0,0,0,0,0,0,0,0,0,0,0,1,0,0,0,0,2,0,3,0,0,0,0,0,0,0,0,0,0,0,-10.0,-10.0,-10.0,-10.0,-10.0,-10.0,-10.0,-10.0,-10.0,-10.0,-10.0,0.0,-10.0,-10.0,-10.0,-10.0,0.0,-10.0,0.0,-10.0,-10.0,-10.0,-10.0,-10.0,-10.0,-10.0,-10.0,0.0
69,0,0,0,0,0,0,0,0,0,0,0,0,0,1,0,0,0,0,3,0,0,0,0,0,0,0,0,0,2,0,0,0,-10.0,-10.0,-10.0,-10.0,-10.0,-10.0,-10.0,-10.0,-10.0,-10.0,-10.0,0.0,-10.0,-10.0,-10.0,-10.0,0.0,-10.0,-10.0,-10.0,-10.0,-10.0,-10.0,-10.0,-10.0,-10.0,0.0,0.0
70,0,0,0,0,0,0,0,0,0,0,0,0,0,1,0,0,0,0,3,0,0,2,0,0,0,0,0,0,0,0,0,0,-10.0,-10.0,-10.0,-10.0,-10.0,-10.0,-10.0,-10.0,-10.0,-10.0,-10.0,0.0,-10.0,-10.0,-10.0,-10.0,0.0,-10.0,-10.0,0.0,-10.0,-10.0,-10.0,-10.0,-10.0,-10.0,-10.0,0.0
71,0,0,0,0,0,0,0,0,0,0,0,0,1,0,0,0,0,0,0,0,0,0,0,0,0,0,0,0,2,0,0,0,-10.0,-10.0,-10.0,-10.0,-10.0,-10.0,-10.0,-10.0,-10.0,-10.0,0.0,-10.0,-10.0,-10.0,-10.0,-10.0,-10.0,-10.0,-10.0,-10.0,-10.0,-10.0,-10.0,-10.0,-10.0,-10.0,0.0,0.0
72,0,0,0,0,0,0,0,0,0,0,0,0,1,0,0,0,0,0,2,0,0,0,0,0,0,3,0,0,0,0,0,0,-10.0,-10.0,-10.0,-10.0,-10.0,-10.0,-10.0,-10.0,-10.0,-10.0,0.0,-10.0,-10.0,-10.0,-10.0,-10.0,0.0,-10.0,0.0,0.0,-10.0,0.0,0.0,0.0,-10.0,-10.0,0.0,0.0
73,0,0,0,0,0,0,0,0,0,0,0,1,0,0,0,0,0,0,3,0,0,0,0,0,4,5,0,0,2,0,0,0,-10.0,-10.0,-10.0,-10.0,-10.0,-10.0,-10.0,-10.0,-10.0,0.0,-10.0,-10.0,-10.0,-10.0,-10.0,-10.0,0.0,-10.0,-10.0,-10.0,-10.0,-10.0,0.0,0.0,-10.0,-10.0,0.0,0.0
74,0,0,0,0,0,0,0,0,0,0,0,1,0,0,0,0,0,0,3,0,0,0,0,0,5,4,0,0,2,0,0,0,-10.0,-10.0,-10.0,-10.0,-10.0,-10.0,-10.0,-10.0,-10.0,0.0,-10.0,-10.0,-10.0,-10.0,-10.0,-10.0,0.0,-10.0,-10.0,-10.0,-10.0,-10.0,0.0,0.0,-10.0,-10.0,0.0,0.0
75,0,0,0,0,0,0,0,0,0,0,0,1,0,0,0,0,0,0,3,0,0,4,0,0,0,5,0,0,2,0,0,0,-10.0,-10.0,-10.0,-10.0,-10.0,-10.0,-10.0,-10.0,-10.0,0.0,-10.0,-10.0,-10.0,-10.0,-10.0,-10.0,0.0,-10.0,-10.0,0.0,-10.0,-10.0,-10.0,0.0,-10.0,-10.0,0.0,0.0
76,0,0,0,0,0,0,0,0,0,0,0,1,0,0,0,0,0,0,3,0,0,4,0,0,5,0,0,0,2,0,0,0,-10.0,-10.0,-10.0,-10.0,-10.0,-10.0,-10.0,-10.0,-10.0,0.0,-10.0,-10.0,-10.0,-10.0,-10.0,-10.0,0.0,-10.0,-10.0,0.0,-10.0,0.0,0.0,-10.0,-10.0,-10.0,0.0,0.0
77,0,0,0,0,0,0,0,0,0,0,0,1,0,0,0,0,0,0,3,0,5,0,0,0,0,4,0,0,2,0,0,0,-10.0,-10.0,-10.0,-10.0,-10.0,-10.0,-10.0,-10.0,-10.0,0.0,-10.0,-10.0,-10.0,-10.0,-10.0,-10.0,0.0,-10.0,0.0,-10.0,-10.0,-10.0,-10.0,0.0,-10.0,-10.0,0.0,0.0
78,0,0,0,0,0,0,0,0,0,0,0,1,0,0,0,0,0,0,4,0,0,0,0,0,5,3,0,0,2,0,0,0,-10.0,-10.0,-10.0,-10.0,-10.0,-10.0,-10.0,-10.0,-10.0,0.0,-10.0,-10.0,-10.0,-10.0,-10.0,-10.0,0.0,-10.0,-10.0,-10.0,-10.0,-10.0,0.0,0.0,-10.0,-10.0,0.0,0.0
79,0,0,0,0,0,0,0,0,0,0,0,1,0,0,0,0,0,0,4,0,0,3,0,0,0,5,0,0,2,0,0,0,-10.0,-10.0,-10.0,-10.0,-10.0,-10.0,-10.0,-10.0,-10.0,0.0,-10.0,-10.0,-10.0,-10.0,-10.0,-10.0,0.0,-10.0,-10.0,0.0,-10.0,-10.0,-10.0,0.0,-10.0,-10.0,0.0,0.0
80,0,0,0,0,0,0,0,0,0,0,0,3,0,0,0,0,0,0,0,0,0,0,0,1,0,0,0,0,0,0,0,0,-10.0,-10.0,0.0,-10.0,-10.0,-10.0,0.0,0.0,0.0,0.0,-10.0,0.0,-10.0,-10.0,0.0,-10.0,-10.0,0.0,0.0,0.0,0.0,0.0,0.0,-10.0,-10.0,-10.0,0.5555555555555554,0.0
81,0,0,0,0,0,0,0,0,0,0,0,3,0,0,0,0,0,0,4,0,0,0,0,0,0,5,0,0,1,0,0,0,-10.0,-10.0,0.0,0.0,0.0,0.0,0.0,0.0,0.0,0.0,-10.0,0.0,0.0,-10.0,0.0,0.0,0.0,0.0,-10.0,-10.0,0.0,0.0,-1.8000000000000007,0.0,-10.0,0.0,0.0,0.0
82,0,0,0,0,0,0,0,0,0,0,0,7,0,0,0,0,6,5,4,0,8,0,0,0,9,1,0,0,3,0,0,0,-10.0,-10.0,0.0,0.0,0.0,0.0,0.0,0.0,0.0,0.0,-10.0,-10.0,-10.0,0.0,0.0,0.0,0.0,0.0,0.0,0.0,-10.0,0.0,0.0,0.0,-10.0,0.0,0.0,0.0
83,0,0,0,0,0,0,0,0,0,0,1,0,0,0,0,0,0,0,0,0,0,0,0,0,0,5,0,3,2,0,0,0,-10.0,-10.0,-10.0,-10.0,-10.0,-10.0,-10.0,-10.0,0.0,-10.0,-10.0,-10.0,-10.0,-10.0,-10.0,-10.0,-10.0,-10.0,-10.0,-10.0,-10.0,-10.0,-10.0,0.0,-10.0,0.0,0.0,0.0
84,0,0,0,0,0,0,0,0,0,0,1,0,0,0,0,0,0,0,5,0,0,0,0,0,6,4,0,0,2,0,0,0,-10.0,-10.0,-10.0,-10.0,-10.0,-10.0,-10.0,-10.0,0.0,-10.0,-10.0,-10.0,-10.0,0.0,0.0,-10.0,0.0,-10.0,-10.0,-10.0,-10.0,-10.0,0.0,0.0,0.0,0.0,0.0,0.0
85,0,0,0,0,0,0,0,0,0,0,1,0,0,0,0,0,0,6,5,0,0,0,0,0,7,4,0,0,2,0,0,0,-10.0,-10.0,-10.0,-10.0,-10.0,-10.0,-10.0,-10.0,0.0,-10.0,-10.0,-10.0,-10.0,0.0,0.0,0.0,0.0,-10.0,-10.0,-10.0,-10.0,-10.0,0.0,0.0,0.0,0.0,0.0,0.0
86,0,0,0,0,0,0,0,0,0,1,0,0,0,0,0,0,0,0,0,0,0,0,0,0,0,4,0,0,2,0,0,0,-10.0,-10.0,-10.0,-10.0,-10.0,-10.0,-10.0,0.0,-10.0,-10.0,-10.0,-10.0,-10.0,-10.0,-10.0,-10.0,-10.0,-10.0,-10.0,-10.0,-10.0,-10.0,-10.0,0.0,-10.0,-10.0,0.0,0.0
87,0,0,0,0,0,0,0,0,0,1,0,0,0,0,0,0,0,0,4,0,0,0,0,0,0,3,0,0,2,0,0,0,-10.0,-10.0,-10.0,-10.0,-10.0,-10.0,-10.0,0.0,-10.0,-10.0,-10.0,-10.0,-10.0,-10.0,-10.0,-10.0,0.0,-10.0,-10.0,-10.0,-10.0,-10.0,-10.0,0.0,-10.0,0.0,0.0,0.0
88,0,0,0,0,0,0,0,0,1,0,0,0,0,0,0,0,0,0,0,0,0,0,0,0,0,3,0,0,2,0,0,0,-10.0,-10.0,-10.0,-10.0,-10.0,-10.0,0.0,-10.0,-10.0,-10.0,-10.0,-10.0,-10.0,-10.0,-10.0,-10.0,-7.666666666666667,-10.0,-10.0,-10.0,-10.0,-10.0,-10.0,0.0,-10.0,-10.0,0.0,0.0
89,0,0,0,0,0,0,0,0,1,0,0,0,0,0,0,0,0,0,4,0,0,0,0,0,0,3,0,0,2,0,0,0,-10.0,-10.0,-10.0,-10.0,-10.0,-10.0,0.0,-10.0,-10.0,-10.0,-10.0,-10.0,-10.0,-10.0,-10.0,-10.0,0.0,-10.0,-10.0,-10.0,-10.0,-10.0,-10.0,0.0,-10.0,-10.0,0.0,0.0
90,0,0,0,0,0,0,0,1,0,0,0,0,0,0,0,0,0,0,3,0,0,0,0,0,0,4,0,0,2,0,0,0,-10.0,-10.0,-10.0,-10.0,-10.0,0.0,-10.0,-10.0,-10.0,-10.0,-10.0,-10.0,-10.0,-10.0,-10.0,-10.0,0.0,-10.0,-10.0,-10.0,-10.0,-10.0,-3.6875,0.0,-10.0,0.0,0.0,0.0
91,0,0,0,0,0,0,0,1,0,0,0,0,0,0,0,0,0,0,3,0,0,0,0,0,5,4,0,0,2,0,0,0,-10.0,-10.0,-10.0,-10.0,-10.0,0.0,-10.0,-10.0,-10.0,-10.0,-10.0,-10.0,-10.0,-10.0,-10.0,-10.0,0.0,-10.0,-10.0,-10.0,-10.0,-10.0,0.0,0.0,-10.0,0.0,0.0,0.0
92,0,0,0,0,0,0,0,1,0,0,0,0,0,0,0,0,0,0,4,0,0,0,0,0,0,3,0,0,2,0,0,0,-10.0,-10.0,-10.0,-10.0,-10.0,0.0,-10.0,-10.0,-10.0,-10.0,-10.0,-10.0,-10.0,-10.0,-10.0,-10.0,0.0,-10.0,-10.0,-10.0,-10.0,-10.0,-2.2083333333333335,0.0,-10.0,-10.0,0.0,0.0
93,0,0,0,0,0,0,0,1,0,0,0,0,0,0,0,0,0,0,4,0,0,0,0,0,5,3,0,0,2,0,0,0,-10.0,-10.0,-10.0,-10.0,-10.0,0.0,-10.0,-10.0,-10.0,-10.0,-10.0,-10.0,-10.0,-10.0,-10.0,-10.0,0.0,-10.0,-10.0,-10.0,-10.0,-10.0,0.0,0.0,-10.0,0.0,0.0,0.0
94,0,0,0,0,0,0,0,1,0,0,0,0,0,0,0,0,0,0,5,0,0,0,0,0,0,3,0,0,2,0,0,0,-10.0,-10.0,-10.0,-10.0,-10.0,0.0,-10.0,-10.0,-10.0,-10.0,-10.0,-10.0,-10.0,-10.0,-10.0,-10.0,0.0,-10.0,-10.0,-10.0,-10.0,-10.0,-10.0,0.0,-10.0,0.0,0.0,0.0
95,0,0,0,0,0,0,0,3,0,0,0,0,0,0,0,0,0,0,4,0,0,0,0,0,0,5,0,0,1,0,0,0,-10.0,-10.0,0.0,0.0,0.0,0.0,0.0,0.0,-10.0,0.0,-10.0,0.0,0.0,-10.0,0.0,0.0,0.0,-10.0,-10.0,-10.0,0.0,0.0,-2.3999999999999986,0.0,-10.0,-10.0,0.0,0.0
96,0,0,0,0,0,0,0,3,0,0,0,0,0,0,0,0,0,4,5,0,0,0,0,0,0,0,0,0,1,0,0,0,-10.0,-10.0,-10.0,-10.0,-10.0,0.0,-10.0,-10.0,-10.0,-10.0,-10.0,-10.0,-10.0,-10.0,-10.0,0.0,0.0,-10.0,-10.0,-10.0,-10.0,-10.0,-10.0,-10.0,-10.0,-10.0,0.0,0.0
97,0,0,0,0,0,0,0,4,0,0,0,0,0,0,0,0,0,0,3,0,0,0,0,0,0,5,0,0,1,0,0,0,-10.0,-10.0,0.0,0.0,0.0,0.0,0.0,0.0,-10.0,0.0,-10.0,0.0,0.0,-10.0,0.0,0.0,0.0,0.0,-10.0,-10.0,0.0,0.0,0.3000000000000016,0.0,-10.0,-10.0,0.0,0.0
98,0,0,0,0,0,0,0,5,0,0,0,0,0,0,0,0,0,6,4,0,8,7,0,0,9,1,0,0,3,0,0,0,-10.0,-10.0,0.0,0.0,0.0,0.0,0.0,0.0,0.0,0.0,-10.0,-10.0,-10.0,0.0,0.0,0.0,0.0,0.0,0.0,0.0,-10.0,0.0,0.0,0.0,-10.0,0.0,0.0,0.0
99,0,0,0,0,0,0,0,5,0,0,0,0,0,0,0,0,0,8,4,0,7,6,0,0,9,1,0,0,3,0,0,0,-10.0,-10.0,0.0,0.0,0.0,0.0,0.0,0.0,0.0,0.0,-10.0,-10.0,-10.0,0.0,0.0,0.0,0.0,0.0,0.0,0.0,-10.0,0.0,0.0,0.0,-10.0,0.0,0.0,0.0
100,0,0,0,0,0,0,0,5,0,0,0,0,0,0,0,0,3,4,6,0,0,0,0,0,1,0,0,0,7,0,0,0,-10.0,-10.0,0.0,0.0,0.0,0.0,-10.0,-10.0,-10.0,0.0,-10.0,-10.0,-10.0,-10.0,0.0,0.0,0.0,-10.0,-10.0,-10.0,-10.0,-10.0,0.0,-10.0,-10.0,0.0,0.0,0.0
101,0,0,0,0,0,0,0,5,0,0,0,0,0,0,0,0,6,7,4,0,8,0,0,0,9,1,0,0,3,0,0,0,-10.0,-10.0,0.0,0.0,0.0,0.0,0.0,0.0,0.0,0.0,-10.0,-10.0,-10.0,-10.0,0.0,0.0,0.0,0.0,0.0,0.0,-10.0,0.0,0.0,0.0,-10.0,0.0,0.0,0.0
102,0,0,0,0,0,0,0,6,0,0,0,0,0,0,0,0,0,5,4,0,8,7,0,0,9,1,0,0,3,0,0,0,-10.0,-10.0,0.0,0.0,0.0,0.0,0.0,0.0,0.0,0.0,-10.0,-10.0,-10.0,0.0,0.0,0.0,0.0,0.0,0.0,0.0,-10.0,0.0,0.0,0.0,-10.0,0.0,0.0,0.0
103,0,0,0,0,0,0,0,6,0,0,0,7,0,0,0,0,0,5,4,0,8,0,0,0,9,1,0,0,3,0,0,0,-10.0,-10.0,0.0,0.0,0.0,0.0,-10.0,0.0,0.0,0.0,-10.0,-10.0,-10.0,0.0,0.0,0.0,0.0,0.0,0.0,0.0,-10.0,0.0,0.0,0.0,-10.0,0.0,0.0,0.0
104,0,0,0,0,0,0,1,0,0,0,0,0,0,0,0,0,0,0,0,0,0,0,0,0,4,3,0,0,2,0,0,0,-10.0,-10.0,-10.0,-10.0,0.0,-10.0,-10.0,-10.0,-10.0,-10.0,-10.0,-10.0,-10.0,-10.0,-10.0,-10.0,-10.0,-10.0,-10.0,-10.0,-10.0,-10.0,0.0,0.0,-10.0,-10.0,0.0,0.0
105,0,0,0,0,0,0,1,0,0,0,0,0,0,0,0,0,0,0,3,0,0,0,0,0,0,4,0,0,2,0,0,0,-10.0,-10.0,-10.0,-10.0,0.0,-10.0,-10.0,-10.0,-10.0,-10.0,-10.0,-10.0,-10.0,-10.0,-10.0,-10.0,0.0,-10.0,-10.0,-10.0,-10.0,-10.0,-10.0,0.0,-10.0,-10.0,0.0,0.0
106,0,0,0,0,0,0,1,0,0,0,0,0,0,0,0,0,0,0,4,0,0,0,0,0,0,3,0,0,2,0,0,0,-10.0,-10.0,-10.0,-10.0,0.0,-10.0,-10.0,-10.0,-10.0,-10.0,-10.0,-10.0,-10.0,-10.0,-10.0,-10.0,0.0,-10.0,-10.0,-10.0,-10.0,-10.0,-10.0,0.0,-10.0,-10.0,0.0,0.0
107,0,0,0,0,0,0,3,0,0,0,0,0,0,0,0,0,0,0,4,0,0,0,0,0,0,5,0,0,1,0,0,0,-10.0,-10.0,0.0,0.0,0.0,0.0,0.0,0.0,0.0,0.0,-10.0,-10.0,-10.0,-10.0,0.0,0.0,0.0,0.0,-10.0,-10.0,-10.0,-10.0,-10.0,0.0,-10.0,-10.0,0.0,0.0
108,0,0,0,0,0,0,3,0,0,0,0,0,0,0,0,0,0,4,0,0,0,0,0,0,0,5,0,0,1,0,0,0,-10.0,-10.0,0.0,0.0,0.0,0.0,0.0,0.0,-10.0,0.0,-10.0,-10.0,-10.0,-10.0,0.0,0.0,0.0,0.0,-10.0,-10.0,-10.0,-10.0,-10.0,0.0,-10.0,-10.0,0.0,0.0
109,0,0,0,0,0,0,4,5,0,0,0,0,0,0,0,0,0,7,6,0,8,0,0,0,9,1,0,0,3,0,0,0,-10.0,-10.0,0.0,0.0,0.0,0.0,0.0,0.0,0.0,0.0,-10.0,-10.0,-10.0,0.0,0.0,0.0,0.0,0.0,0.0,0.0,-10.0,0.0,0.0,0.0,-10.0,0.0,0.0,0.0
110,0,0,0,0,0,0,5,0,0,0,0,0,0,0,0,0,0,7,4,0,8,6,0,0,9,1,0,0,3,0,0,0,-10.0,-10.0,0.0,0.0,0.0,0.0,0.0,0.0,0.0,0.0,-10.0,-10.0,-10.0,0.0,0.0,0.0,0.0,0.0,0.0,0.0,0.0,0.0,0.0,0.0,0.0,0.0,0.0,0.0
111,0,0,0,0,0,0,5,0,0,0,0,0,0,0,0,0,6,0,4,0,0,7,0,0,8,1,0,0,3,0,0,0,-10.0,-10.0,0.0,0.0,0.0,0.0,0.0,0.0,0.0,0.0,-10.0,-10.0,-10.0,0.0,0.0,0.0,0.0,0.0,0.0,0.0,0.0,0.0,0.0,0.0,0.0,0.0,0.0,0.0
112,0,0,0,0,0,0,5,6,0,0,0,0,0,0,0,0,0,0,4,0,0,7,0,0,8,1,0,0,3,0,0,0,-10.0,-10.0,0.0,0.0,0.0,0.0,0.0,0.0,0.0,0.0,-10.0,-10.0,-10.0,0.0,0.0,0.0,0.0,0.0,0.0,0.0,-10.0,0.0,0.0,0.0,-10.0,-10.0,0.0,0.0
113,0,0,0,0,0,0,6,0,0,0,0,7,0,0,0,0,0,5,4,0,8,0,0,0,9,1,0,0,3,0,0,0,-10.0,-10.0,0.0,0.0,0.0,0.0,0.0,0.0,0.0,0.0,-10.0,-10.0,-10.0,0.0,0.0,0.0,0.0,0.0,0.0,0.0,0.0,0.0,0.0,0.0,0.0,0.0,0.0,0.0
114,0,0,0,0,0,0,6,5,0,0,0,0,0,0,0,0,0,0,4,0,0,7,0,0,8,1,0,0,3,0,0,0,-10.0,-10.0,0.0,0.0,0.0,0.0,-10.0,0.0,0.0,0.0,-10.0,-10.0,-10.0,0.0,0.0,0.0,0.0,0.0,0.0,0.0,0.0,0.0,0.0,0.0,0.0,0.0,0.0,0.0
115,0,0,0,0,0,1,0,0,0,0,0,0,0,0,0,0,0,0,0,0,0,0,0,0,3,4,0,0,2,0,0,0,-10.0,-10.0,-10.0,0.0,-10.0,-10.0,-10.0,-10.0,-10.0,-10.0,-10.0,-10.0,-10.0,-10.0,-10.0,-10.0,0.0,-10.0,-10.0,0.0,-10.0,-10.0,0.0,0.0,-10.0,-10.0,0.0,0.0
116,0,0,0,0,0,1,0,0,0,0,0,0,0,0,0,0,0,0,0,0,0,0,0,0,4,3,0,0,2,0,0,0,-10.0,-10.0,-10.0,0.0,-10.0,-10.0,-10.0,-10.0,-10.0,-10.0,-10.0,-10.0,-10.0,-10.0,-10.0,-10.0,-10.0,-10.0,-10.0,0.0,-10.0,-10.0,0.0,0.0,-10.0,-10.0,0.0,0.0
117,0,0,0,0,0,1,0,0,0,0,0,0,0,0,0,0,0,0,3,0,0,0,0,0,0,4,0,0,2,0,0,0,-10.0,-10.0,-10.0,0.0,-10.0,-10.0,-10.0,-10.0,-10.0,-10.0,-10.0,-10.0,-10.0,-10.0,-10.0,-10.0,0.0,-10.0,-10.0,-10.0,-10.0,-10.0,-10.0,0.0,-10.0,-10.0,0.0,0.0
118,0,0,0,0,0,1,0,0,0,0,0,0,0,0,0,0,0,0,3,0,0,0,0,0,4,0,0,0,2,0,0,0,-10.0,-10.0,-10.0,0.0,-10.0,-10.0,-10.0,-10.0,-10.0,-10.0,-10.0,-10.0,-10.0,-10.0,-10.0,-10.0,0.0,-10.0,-10.0,-10.0,-10.0,-10.0,0.0,-10.0,-10.0,-10.0,0.0,0.0
119,0,0,0,0,1,0,0,0,0,0,0,0,0,0,0,0,0,0,0,0,0,0,0,0,4,3,0,0,2,0,0,0,-10.0,-10.0,0.0,-10.0,-10.0,-10.0,-10.0,-10.0,-10.0,-10.0,-10.0,-10.0,-10.0,-10.0,-10.0,-10.0,-10.0,-10.0,-10.0,-10.0,-10.0,-10.0,0.0,0.0,-10.0,-10.0,0.0,0.0
120,0,0,0,0,1,0,0,0,0,0,0,0,0,0,0,0,0,0,0,0,0,3,0,0,0,4,0,0,2,0,0,0,-10.0,-10.0,0.0,-10.0,-10.0,-10.0,-10.0,-10.0,-10.0,-10.0,-10.0,-10.0,-10.0,-10.0,-10.0,-10.0,-10.0,-10.0,-10.0,0.0,-10.0,-10.0,-10.0,0.0,-10.0,-10.0,0.0,0.0
121,0,0,0,0,1,0,0,0,0,0,0,0,0,0,0,0,0,0,0,0,0,3,0,0,4,0,0,0,2,0,0,0,-10.0,-10.0,0.0,-10.0,-10.0,-10.0,-10.0,-10.0,-10.0,-10.0,-10.0,-10.0,-10.0,-10.0,-10.0,-10.0,-10.0,-10.0,-10.0,0.0,-10.0,-10.0,0.0,-10.0,-10.0,-10.0,0.0,0.0
122,0,0,0,0,1,0,0,0,0,0,0,0,0,0,0,0,0,0,0,0,4,0,0,0,0,3,0,0,2,0,0,0,-10.0,-10.0,0.0,-10.0,-10.0,-10.0,-10.0,-10.0,-10.0,-10.0,-10.0,-10.0,-10.0,-10.0,-10.0,-10.0,-10.0,-10.0,0.0,-10.0,-10.0,0.0,-10.0,0.0,-10.0,-10.0,0.0,0.0
123,0,0,0,0,1,0,0,0,0,0,0,0,0,0,0,0,0,0,2,0,0,3,0,0,0,0,0,0,4,0,0,0,-10.0,-10.0,0.0,-10.0,-10.0,-10.0,-10.0,-10.0,-10.0,-10.0,-10.0,-10.0,-10.0,-10.0,-10.0,-10.0,0.0,-10.0,-10.0,0.0,-10.0,-10.0,-10.0,-10.0,-10.0,-10.0,0.0,0.0
124,0,0,0,0,1,0,0,0,0,0,0,0,0,0,0,0,0,0,2,0,4,0,0,0,0,0,0,0,3,0,0,0,-10.0,-10.0,0.0,-10.0,-10.0,-10.0,-10.0,-10.0,-10.0,-10.0,-10.0,-10.0,-10.0,-10.0,-10.0,-10.0,0.0,-10.0,0.0,0.0,-10.0,0.0,-10.0,-10.0,-10.0,-10.0,0.0,0.0
125,0,0,0,0,1,0,0,0,0,0,0,0,0,0,0,0,0,0,3,0,0,0,0,0,0,4,0,0,2,0,0,0,-10.0,-10.0,0.0,-10.0,-10.0,-10.0,-10.0,-10.0,-10.0,-10.0,-10.0,-10.0,-10.0,-10.0,-10.0,-10.0,0.0,-10.0,-10.0,-10.0,-10.0,-10.0,-10.0,0.0,-10.0,-10.0,0.0,0.0
126,0,0,0,0,1,0,0,0,0,0,0,0,0,0,0,0,0,0,3,0,0,0,0,0,4,0,0,0,2,0,0,0,-10.0,-10.0,0.0,-10.0,-10.0,-10.0,-10.0,-10.0,-10.0,-10.0,-10.0,-10.0,-10.0,-10.0,-10.0,-10.0,0.0,-10.0,-10.0,0.0,-10.0,-10.0,0.0,-10.0,-10.0,-10.0,0.0,0.0
127,0,0,0,0,1,0,0,0,0,0,0,0,0,0,0,0,0,0,4,0,0,0,0,2,3,0,0,0,0,0,0,0,-10.0,-10.0,0.0,-10.0,-10.0,-10.0,-10.0,-10.0,-10.0,-10.0,-10.0,-10.0,-10.0,-10.0,-10.0,-10.0,0.0,-10.0,-10.0,-10.0,-10.0,0.0,0.0,-10.0,-10.0,-10.0,-10.0,0.0
128,0,0,0,0,4,0,0,0,0,0,0,0,0,0,0,0,3,0,5,0,0,0,0,0,1,0,0,0,6,0,0,0,-10.0,-10.0,0.0,0.0,0.0,0.0,-10.0,-10.0,-10.0,0.0,-10.0,-10.0,-10.0,-10.0,0.0,0.0,0.0,-10.0,-10.0,-10.0,-10.0,-10.0,0.0,-10.0,-10.0,0.0,0.0,0.0
129,0,0,0,0,4,0,0,0,0,0,0,0,0,0,0,0,3,5,6,0,0,0,0,0,1,0,0,0,0,0,0,0,-10.0,-10.0,0.0,-10.0,-10.0,-10.0,-10.0,-10.0,-10.0,0.0,-10.0,-10.0,-10.0,-10.0,0.0,0.0,0.0,-10.0,-10.0,-10.0,-10.0,-10.0,0.0,-10.0,-10.0,-10.0,-10.0,0.0
130,0,0,0,1,0,0,0,0,0,0,0,0,0,0,0,0,0,0,0,0,0,0,0,3,0,0,0,0,2,0,0,0,-10.0,0.0,-10.0,-10.0,-10.0,-10.0,-10.0,-10.0,-10.0,-10.0,-10.0,-10.0,-10.0,-10.0,-10.0,-10.0,-10.0,-10.0,-10.0,-10.0,-10.0,0.0,-10.0,-10.0,-10.0,-10.0,0.0,0.0
131,0,0,0,1,0,0,0,0,0,0,0,0,0,0,0,0,0,0,0,0,0,3,0,0,0,0,0,0,2,0,0,0,-10.0,0.0,-10.0,-10.0,-10.0,-10.0,-10.0,-10.0,-10.0,-10.0,-10.0,-10.0,-10.0,-10.0,-10.0,-10.0,-10.0,-10.0,-10.0,0.0,-10.0,-10.0,-10.0,-10.0,-10.0,-10.0,0.0,0.0
132,0,0,0,1,0,0,0,0,0,0,0,0,0,0,0,0,0,0,2,0,0,0,0,0,3,4,0,0,0,0,0,0,-10.0,0.0,-10.0,-10.0,-10.0,-10.0,-10.0,-10.0,-10.0,-10.0,-10.0,-10.0,-10.0,-10.0,-10.0,-10.0,0.0,-10.0,0.0,0.0,-10.0,0.0,0.0,0.0,-10.0,-10.0,0.0,0.0
133,0,0,0,1,0,0,0,0,0,0,0,0,0,0,0,0,0,0,3,0,0,0,0,0,0,4,0,0,2,0,0,0,-10.0,0.0,-10.0,-10.0,-10.0,-10.0,-10.0,-10.0,-10.0,-10.0,-10.0,-10.0,-10.0,-10.0,-10.0,-10.0,0.0,-10.0,-10.0,0.0,-10.0,-10.0,-10.0,0.0,-10.0,-10.0,0.0,0.0
134,0,1,0,0,0,0,0,0,0,0,0,0,0,0,0,0,0,0,0,0,0,0,0,0,0,3,0,0,2,0,0,0,-10.0,-10.0,-10.0,-10.0,-10.0,-10.0,-10.0,-10.0,-10.0,-10.0,-10.0,-10.0,-10.0,-10.0,-10.0,-10.0,-10.0,-10.0,-10.0,-10.0,-10.0,-10.0,-10.0,0.0,-10.0,-10.0,0.0,0.0
135,0,1,0,0,0,0,0,0,0,0,0,0,0,0,0,0,0,0,3,0,0,0,0,0,0,0,0,0,2,0,0,0,-10.0,-10.0,-10.0,-10.0,-10.0,-10.0,-10.0,-10.0,-10.0,-10.0,-10.0,-10.0,-10.0,-10.0,-10.0,-10.0,0.0,-10.0,-10.0,-10.0,-10.0,-10.0,-10.0,-10.0,-10.0,-10.0,0.0,0.0
136,1,0,0,0,0,0,0,0,0,0,0,0,0,0,0,0,0,0,0,0,0,0,0,0,0,3,0,0,2,0,0,0,-10.0,-10.0,-10.0,-10.0,-10.0,-10.0,-10.0,-10.0,-10.0,-10.0,-10.0,-10.0,-10.0,-10.0,-10.0,-10.0,-10.0,-10.0,-10.0,-10.0,-10.0,-10.0,-10.0,0.0,-10.0,-10.0,0.0,0.0
137,1,0,0,0,0,0,0,0,0,0,0,0,0,0,0,0,0,0,3,0,0,0,0,0,0,0,0,0,2,0,0,0,-10.0,-10.0,-10.0,-10.0,-10.0,-10.0,-10.0,-10.0,-10.0,-10.0,-10.0,-10.0,-10.0,-10.0,-10.0,-10.0,0.0,-10.0,-10.0,-10.0,-10.0,-10.0,-10.0,-10.0,-10.0,-10.0,0.0,0.0
138,0,0,1,0,0,0,0,0,0,0,0,0,0,0,0,0,0,0,0,0,0,0,0,0,3,0,0,0,2,0,0,0,0.0,-10.0,-10.0,-10.0,-10.0,-10.0,-10.0,-10.0,-10.0,-10.0,-10.0,-10.0,-10.0,-10.0,-10.0,-10.0,-10.0,-10.0,0.0,-10.0,-10.0,0.0,0.0,-10.0,-10.0,-10.0,0.0,0.0
139,0,0,1,0,0,0,0,0,0,0,0,0,0,0,0,0,0,0,3,0,0,0,0,0,0,0,0,0,2,0,0,0,0.0,-10.0,-10.0,-10.0,-10.0,-10.0,-10.0,-10.0,-10.0,-10.0,-10.0,-10.0,-10.0,-10.0,-10.0,-10.0,0.0,-10.0,-10.0,-10.0,-10.0,-10.0,-10.0,-10.0,-10.0,-10.0,0.0,0.0
140,0,0,0,0,0,0,0,0,0,0,0,0,0,0,0,0,0,0,0,0,0,0,0,1,0,0,0,0,0,0,0,0,0.0,0.0,-10.0,-10.0,0.0,0.0,0.0,0.0,0.0,-2.1666666666666665,0.0,0.0,0.0,0.0,-10.0,2.2777777777777777,0.0,0.0,0.0,0.0,0.0,0.0,0.0,0.0,0.0,0.0,0.0,0.0
141,0,0,0,0,0,0,0,0,0,0,0,0,0,0,0,0,0,1,4,0,7,5,0,0,8,6,0,0,2,0,0,0,0.0,0.0,-10.0,-10.0,0.0,0.0,0.0,0.0,0.0,-10.0,0.0,0.0,0.0,-10.0,-10.0,0.0,0.0,-3.5625,0.0,0.0,-10.0,-10.0,0.0,0.0,-10.0,0.0,0.0,0.0
142,0,0,0,0,0,0,0,0,0,0,0,0,0,0,0,0,0,1,4,0,8,5,0,0,7,6,0,0,2,0,0,0,0.0,0.0,-10.0,-10.0,-10.0,-10.0,0.0,0.0,0.0,-10.0,0.0,0.0,0.0,-10.0,-10.0,0.0,0.0,-3.625,0.0,0.0,-10.0,-10.0,0.0,0.0,-10.0,0.0,0.0,0.0
143,0,0,0,0,0,0,0,0,0,0,0,0,0,0,0,0,0,1,5,0,8,4,0,0,7,6,0,0,2,0,0,0,0.0,0.0,-10.0,-10.0,-10.0,-10.0,0.0,0.0,0.0,0.0,0.0,0.0,0.0,-10.0,-10.0,0.0,0.0,-2.75,0.0,0.0,-10.0,0.0,0.0,0.0,-10.0,0.0,0.0,0.0
144,0,0,0,0,0,0,0,0,0,0,0,0,0,0,0,0,0,4,3,0,0,0,0,0,0,0,0,0,1,0,0,0,0.0,0.0,-10.0,-10.0,-10.0,-10.0,-10.0,-10.0,-10.0,-10.0,0.0,0.0,0.0,0.0,-10.0,0.0,0.0,1.0,0.0,0.0,0.0,0.0,0.0,2.5,0.0,0.0,0.0,0.0
145,0,0,0,0,0,0,0,0,0,0,0,0,0,0,0,0,3,0,0,0,0,0,0,0,1,0,0,0,0,0,0,0,0.0,0.0,-3.257575757575756,-10.0,0.0,0.0,0.0,0.0,0.0,0.0,0.0,0.0,0.0,0.0,0.0,1.666666666666668,0.0,0.0,0.0,0.0,0.0,0.0,0.0,0.0,0.0,0.0,0.0,0.0
146,0,0,0,0,0,0,0,0,0,0,0,0,0,0,0,0,3,0,0,0,0,1,0,0,0,0,0,0,0,0,0,0,0.0,0.0,-10.0,0.0,0.0,0.0,0.0,0.0,0.0,0.0,0.0,0.0,0.0,-10.0,0.0,-10.0,1.6190476190476186,0.0,0.0,0.0,0.0,0.0,0.0,2.9666666666666663,-10.0,-10.0,-10.0,0.0
147,0,0,0,0,0,0,0,0,0,0,0,0,0,0,0,0,3,4,0,0,0,0,0,0,1,0,0,0,0,0,0,0,0.0,0.0,-10.0,-10.0,0.0,-3.25,0.0,0.0,0.0,-10.0,0.0,0.0,0.0,0.0,0.0,0.0,0.0,0.0,0.0,0.0,0.0,0.0,0.0,0.0,0.0,0.0,0.0,0.0
148,0,0,0,0,0,0,0,0,0,0,0,0,0,0,0,0,4,0,1,0,0,0,0,0,0,0,0,5,2,0,0,0,0.0,0.0,-10.0,-10.0,0.0,0.0,0.0,0.0,0.0,0.0,0.0,0.0,0.0,-10.0,0.0,0.0,0.0,0.0,0.0,0.0,0.0,0.0,0.0,3.1999999999999997,0.0,0.0,0.0,0.0
149,0,0,0,0,0,0,0,0,0,0,0,0,0,0,0,0,4,0,1,0,0,0,0,0,0,0,0,5,3,0,0,0,0.0,0.0,-10.0,-10.0,0.0,0.0,0.0,0.0,0.0,0.0,0.0,0.0,0.0,-10.0,0.0,0.0,0.0,0.0,0.0,0.0,0.0,0.0,0.0,3.1,-10.0,0.0,0.0,0.0
150,0,0,0,0,0,0,0,0,0,0,0,0,0,0,0,0,4,0,1,0,0,0,0,0,0,6,0,5,3,0,0,0,0.0,0.0,-10.0,-10.0,0.0,0.0,0.0,0.0,0.0,-10.0,0.0,0.0,0.0,-10.0,0.0,-0.9166666666666673,0.0,0.0,0.0,-10.0,0.0,0.0,0.0,0.0,-10.0,0.0,0.0,0.0
151,0,0,0,0,0,0,0,0,0,0,0,0,0,0,0,0,5,0,1,0,0,0,0,0,0,0,0,4,3,0,0,0,0.0,0.0,-10.0,-10.0,0.0,0.0,0.0,0.0,0.0,-10.0,0.0,0.0,0.0,-10.0,0.0,2.8000000000000007,0.0,0.0,0.0,0.0,0.0,0.0,0.0,3.8000000000000007,-10.0,0.0,0.0,0.0
152,0,0,0,0,0,0,0,0,0,0,0,0,0,0,0,0,5,0,1,0,0,0,0,0,0,6,0,4,2,0,0,0,0.0,0.0,-10.0,-10.0,0.0,0.0,0.0,0.0,0.0,-10.0,0.0,0.0,0.0,-10.0,0.0,-0.2916666666666643,0.0,0.0,0.0,0.0,0.0,0.0,0.0,0.0,-10.0,0.0,0.0,0.0
153,0,0,0,0,0,0,0,0,0,0,0,3,0,0,0,0,0,0,4,0,0,0,0,0,0,0,0,0,1,0,0,0,0.0,0.0,-10.0,-10.0,-10.0,-10.0,-10.0,-10.0,-10.0,0.0,0.0,0.0,0.0,0.0,-10.0,-10.0,0.0,-10.0,0.0,0.0,0.0,0.0,0.0,2.75,0.0,0.0,0.0,0.0
154,0,0,0,0,0,0,0,0,0,0,0,7,0,0,0,0,6,5,4,0,0,0,0,0,0,1,0,0,3,0,0,0,0.0,0.0,-10.0,-10.0,0.0,0.0,0.0,0.0,0.0,0.0,0.0,0.0,0.0,0.0,0.0,0.0,0.0,0.0,-0.8571428571428577,-10.0,0.0,0.0,0.0,0.0,0.0,0.0,0.0,0.0
155,0,0,0,0,0,0,0,3,0,0,0,0,0,0,0,0,0,0,4,0,0,0,0,0,0,0,0,0,1,0,0,0,0.0,0.0,-10.0,-10.0,-10.0,0.0,-10.0,-10.0,0.0,-10.0,0.0,0.0,0.0,0.0,-10.0,-10.0,0.0,0.0,0.0,0.0,0.0,0.0,0.0,2.5,0.0,0.0,0.0,0.0
156,0,0,0,0,0,0,0,4,0,0,0,0,0,0,0,0,0,0,3,0,0,0,0,0,0,0,0,0,1,0,0,0,0.0,0.0,-10.0,-10.0,-10.0,0.0,-10.0,-10.0,-10.0,-10.0,0.0,0.0,0.0,0.0,-10.0,-10.0,0.0,-10.0,0.0,0.0,0.0,0.0,0.0,3.5,0.0,0.0,0.0,0.0
157,0,0,0,0,0,0,0,5,0,0,0,0,0,0,0,0,0,0,4,0,7,6,0,0,0,1,0,0,3,0,0,0,0.0,0.0,-10.0,0.0,0.0,0.0,0.0,0.0,0.0,0.0,0.0,0.0,0.0,0.0,0.0,-2.5,0.0,0.0,0.0,0.0,0.0,0.0,0.0,0.0,0.0,0.0,0.0,0.0
158,0,0,0,0,0,0,0,5,0,0,0,0,0,0,0,0,0,6,4,0,0,7,0,0,0,1,0,0,3,0,0,0,0.0,0.0,-10.0,0.0,-10.0,0.0,0.0,0.0,0.0,-10.0,0.0,0.0,0.0,0.0,-10.0,0.0,0.0,0.0,-0.1428571428571423,0.0,0.0,0.0,0.0,0.0,0.0,0.0,0.0,0.0
159,0,0,0,0,0,0,0,5,0,0,0,0,0,0,0,0,6,7,4,0,0,0,0,0,0,1,0,0,3,0,0,0,0.0,0.0,-10.0,-10.0,-10.0,0.0,0.0,0.0,0.0,-10.0,0.0,0.0,0.0,0.0,0.0,0.0,0.0,0.0,-1.4285714285714306,-10.0,0.0,0.0,0.0,0.0,0.0,0.0,0.0,0.0
160,0,0,0,0,0,0,0,6,0,0,0,0,0,0,0,0,0,5,4,0,0,7,0,0,0,1,0,0,3,0,0,0,0.0,0.0,-10.0,0.0,0.0,0.0,0.0,0.0,0.0,-10.0,0.0,0.0,0.0,0.0,-10.0,0.0,0.0,0.0,-3.2857142857142847,0.0,0.0,0.0,0.0,0.0,0.0,0.0,0.0,0.0
161,0,0,0,0,0,0,0,6,0,0,0,7,0,0,0,0,0,5,4,0,0,0,0,0,0,1,0,0,3,0,0,0,0.0,0.0,-10.0,-10.0,-10.0,0.0,0.0,0.0,0.0,0.0,0.0,0.0,0.0,0.0,0.0,0.0,0.0,0.0,-1.4285714285714306,-10.0,0.0,0.0,0.0,0.0,0.0,0.0,0.0,0.0
162,0,0,0,0,0,0,3,0,0,0,0,0,0,0,0,0,0,0,4,0,0,0,0,0,0,0,0,0,1,0,0,0,0.0,0.0,-10.0,-10.0,0.0,-10.0,-10.0,-10.0,-10.0,-10.0,0.0,0.0,0.0,0.0,-10.0,-10.0,0.0,-10.0,0.0,0.0,0.0,0.0,0.0,1.0,0.0,0.0,0.0,0.0
163,0,0,0,0,0,0,3,0,0,0,0,0,0,0,0,0,0,4,0,0,0,0,0,0,0,0,0,0,1,0,0,0,0.0,0.0,-10.0,-10.0,0.0,0.0,-10.0,-10.0,0.0,-10.0,0.0,0.0,0.0,0.0,-10.0,0.0,-10.0,-10.0,0.0,0.0,0.0,0.0,0.0,-1.0,0.0,0.0,0.0,0.0
164,0,0,0,0,0,0,4,5,0,0,0,0,0,0,0,0,0,7,6,0,8,0,0,0,0,1,0,0,3,0,0,0,0.0,0.0,-10.0,-10.0,0.0,0.0,-10.0,-10.0,-10.0,0.0,0.0,0.0,0.0,-10.0,0.0,0.0,0.0,-10.0,0.0,0.0,0.0,-10.0,3.1875,0.0,0.0,-10.0,0.0,0.0
165,0,0,0,0,0,0,5,0,0,0,0,0,0,0,0,0,0,0,4,0,0,6,0,0,0,1,0,0,3,0,0,0,0.0,0.0,-10.0,0.0,0.0,0.0,0.0,0.0,0.0,-10.0,0.0,0.0,0.0,0.0,-10.0,0.8333333333333321,0.0,0.0,0.0,0.0,0.0,0.0,0.0,0.0,0.0,0.0,0.0,0.0
166,0,0,0,0,0,0,5,0,0,0,0,0,0,0,0,0,6,0,4,0,0,7,0,0,0,1,0,0,3,0,0,0,0.0,0.0,-10.0,-10.0,0.0,0.0,-10.0,-10.0,-10.0,-10.0,0.0,0.0,0.0,-10.0,0.0,-10.0,0.0,-10.0,-10.0,0.0,-10.0,-10.0,4.928571428571431,0.0,-10.0,-10.0,0.0,0.0
167,0,0,0,0,0,0,5,6,0,0,0,0,0,0,0,0,0,0,4,0,0,7,0,0,0,1,0,0,3,0,0,0,0.0,0.0,-10.0,-10.0,0.0,0.0,-10.0,-10.0,-10.0,-10.0,0.0,0.0,0.0,-10.0,-10.0,-10.0,0.0,-10.0,-10.0,0.0,0.0,-10.0,-0.2142857142857153,0.0,0.0,0.0,0.0,0.0
168,0,0,0,0,0,0,6,0,0,0,0,7,0,0,0,0,0,5,4,0,0,0,0,0,0,1,0,0,3,0,0,0,0.0,0.0,-10.0,-10.0,0.0,-10.0,0.0,0.0,0.0,0.0,0.0,0.0,0.0,0.0,-10.0,0.0,0.0,0.0,0.2857142857142847,-10.0,0.0,0.0,0.0,0.0,0.0,0.0,0.0,0.0
169,0,0,0,0,0,0,6,5,0,0,0,0,0,0,0,0,0,0,4,0,0,7,0,0,0,1,0,0,3,0,0,0,0.0,0.0,-10.0,-10.0,0.0,0.0,0.0,-10.0,-10.0,-10.0,0.0,0.0,0.0,-10.0,0.0,-10.0,0.0,-10.0,-10.0,0.0,-10.0,-10.0,4.285714285714285,0.0,-10.0,-10.0,0.0,0.0
170,0,0,0,0,0,0,0,0,0,0,0,0,0,0,0,0,0,3,0,0,0,0,0,1,0,0,0,0,0,0,0,0,0.0,0.0,0.0,-10.0,0.0,0.0,0.0,0.0,0.0,-10.0,0.0,0.0,0.0,-10.0,0.0,0.0,-0.999999999999999,0.0,0.0,0.0,0.0,0.0,0.0,0.0,-10.0,-10.0,0.0,0.0
171,0,0,0,0,0,0,0,0,0,0,0,0,0,0,0,0,4,7,1,0,0,0,0,0,0,6,0,5,3,0,0,0,0.0,0.0,0.0,-10.0,-10.0,-10.0,0.0,0.0,0.0,-10.0,-10.0,0.0,0.0,0.0,0.0,0.0,0.0,0.0,-10.0,-10.0,0.0,-10.0,2.2499999999999987,0.0,-10.0,0.0,0.0,0.0
172,0,0,0,0,0,0,0,0,0,0,0,0,0,0,0,0,5,0,1,0,0,0,0,0,0,6,0,4,3,0,0,0,0.0,0.0,0.0,-10.0,0.0,0.0,0.0,0.0,0.0,-10.0,0.0,0.0,0.0,0.0,0.0,-0.6666666666666643,0.0,0.0,0.0,-10.0,0.0,0.0,0.0,0.0,-10.0,0.0,0.0,0.0
173,0,0,0,0,0,0,0,5,0,0,0,0,0,0,0,0,0,0,4,0,0,6,0,0,0,1,0,0,3,0,0,0,0.0,0.0,0.0,-10.0,-10.0,0.0,0.0,0.0,0.0,-10.0,0.0,0.0,0.0,0.0,-10.0,0.0,0.0,0.0,0.8333333333333321,0.0,0.0,0.0,0.0,0.0,0.0,0.0,0.0,0.0
174,0,0,0,0,0,0,0,5,0,0,0,0,0,0,0,0,0,6,4,0,8,7,0,0,0,1,0,0,3,0,0,0,0.0,0.0,0.0,-10.0,0.0,0.0,-10.0,-10.0,-10.0,0.0,0.0,0.0,0.0,-10.0,0.0,0.0,0.0,-10.0,0.0,0.0,0.0,-10.0,2.875,0.0,0.0,-10.0,0.0,0.0
175,0,0,0,0,0,0,0,6,0,0,0,0,0,0,0,0,0,5,4,0,8,7,0,0,0,1,0,0,3,0,0,0,0.0,0.0,0.0,-10.0,-10.0,0.0,-10.0,-10.0,-10.0,0.0,0.0,0.0,0.0,-10.0,0.0,0.0,0.0,-10.0,0.0,0.0,0.0,-10.0,2.375,0.0,0.0,-10.0,0.0,0.0
176,0,0,0,0,0,0,5,0,0,0,0,0,0,0,0,0,0,7,4,0,0,6,0,0,0,1,0,0,3,0,0,0,0.0,0.0,0.0,-10.0,0.0,-10.0,0.0,0.0,0.0,0.0,0.0,0.0,0.0,0.0,0.0,0.0,0.0,0.0,-2.5,0.0,0.0,0.0,0.0,0.0,0.0,0.0,0.0,0.0
177,0,0,0,0,4,0,0,0,0,0,0,0,0,0,0,0,3,0,0,0,0,0,0,0,1,0,0,0,0,0,0,0,0.0,0.0,0.0,-10.0,0.0,-10.0,0.0,0.0,0.0,-10.0,0.0,0.0,0.0,0.0,0.0,2.1625,3.0,0.0,0.0,0.0,0.0,0.0,0.0,0.0,0.0,0.0,0.0,0.0
178,0,0,0,0,4,0,0,0,0,0,0,0,0,0,0,0,3,5,0,0,0,0,0,0,1,0,0,0,0,0,0,0,0.0,0.0,0.0,-10.0,-10.0,0.0,0.0,0.0,0.0,-10.0,0.0,0.0,0.0,0.0,0.0,0.0,-0.009999999999999653,0.0,0.0,0.0,0.0,0.0,0.0,0.0,0.0,0.0,0.0,0.0
179,0,0,0,0,0,0,0,0,0,0,0,0,0,0,0,0,0,0,0,0,0,0,0,0,0,0,0,0,1,0,0,0,0.0,0.0,0.0,0.0,1.0,2.25,0.0,0.0,0.0,2.5,0.0,0.0,0.0,0.0,0.0,0.0,2.5,0.0,0.0,0.0,0.0,0.0,0.0,0.0,0.0,0.0,0.0,0.0
180,0,0,0,0,0,0,0,0,0,0,0,0,0,0,0,0,0,0,0,0,0,0,0,0,0,1,0,0,3,0,0,0,0.0,0.0,0.0,0.0,1.6666666666666643,0.0,0.0,0.0,0.0,0.0,0.0,0.0,0.0,0.0,0.0,0.0,1.6666666666666643,0.0,0.0,0.0,0.0,0.0,0.0,0.0,0.0,0.0,0.0,0.0
181,0,0,0,0,0,0,0,0,0,0,0,0,0,0,0,0,0,0,2,0,0,3,0,0,0,0,0,1,0,0,0,0,0.0,0.0,0.0,0.0,-10.0,-10.0,0.0,0.0,-10.0,0.0,0.0,0.0,0.0,0.0,0.0,-10.0,0.0,-10.0,-10.0,0.0,-10.0,-10.0,2.4666666666666672,1.0,0.0,0.0,-2.5,0.0
182,0,0,0,0,0,0,0,0,0,0,0,0,0,0,0,0,0,0,2,0,3,0,0,0,0,0,0,1,0,0,0,0,0.0,0.0,0.0,0.0,-10.0,-10.0,0.0,0.0,0.0,0.0,0.0,0.0,0.0,0.0,0.0,-4.416666666666668,0.0,-10.0,0.0,-10.0,0.0,-10.0,0.5,0.0,0.0,0.0,0.0,0.0
183,0,0,0,0,0,0,0,0,0,0,0,0,0,0,0,0,0,0,3,0,0,0,0,0,0,0,0,0,1,0,0,0,0.0,0.0,0.0,0.0,-10.0,-0.666666666666667,0.0,0.0,0.0,0.0,0.0,0.0,0.0,0.0,0.0,1.666666666666666,0.0,0.0,0.0,0.0,0.0,0.0,0.0,0.0,0.0,0.0,0.0,0.0
184,0,0,0,0,0,0,0,0,0,0,0,0,0,0,0,0,0,0,3,0,0,2,0,0,0,0,0,1,0,0,0,0,0.0,0.0,0.0,0.0,-10.0,-10.0,0.0,0.0,-10.0,0.0,0.0,0.0,0.0,0.0,0.0,-10.0,0.0,-10.0,-10.0,0.0,-10.0,0.0,2.333333333333336,0.0,0.0,0.0,0.0,0.0
185,0,0,0,0,0,0,0,0,0,0,0,0,0,0,0,0,0,0,4,0,0,0,0,0,0,1,0,0,3,0,0,0,0.0,0.0,0.0,0.0,1.25,1.25,0.0,0.0,0.0,0.0,0.0,0.0,0.0,0.0,0.0,1.25,0.0,0.0,0.0,0.0,0.0,0.0,0.0,0.0,0.0,0.0,0.0,0.0
186,0,0,0,0,0,0,0,0,0,0,0,0,0,0,0,0,0,5,4,0,0,0,0,0,0,1,0,0,3,0,0,0,0.0,0.0,0.0,0.0,1.0,1.0,0.0,0.0,0.0,0.0,0.0,0.0,0.0,0.0,1.0,0.0,0.0,0.0,0.0,0.0,0.0,0.0,0.0,0.0,0.0,0.0,0.0,0.0
187,0,0,0,0,0,0,0,0,0,0,0,0,0,0,0,0,0,6,5,0,0,0,0,3,2,4,0,0,0,0,0,0,0.0,0.0,0.0,0.0,-10.0,-10.0,-10.0,-10.0,-10.0,-10.0,0.0,0.0,0.0,0.0,0.0,0.0,0.0,-10.0,-10.0,-10.0,-10.0,0.0,0.0,0.0,-1.3333333333333286,0.0,-10.0,0.0
188,0,0,0,0,0,0,0,0,0,0,0,0,0,0,0,0,4,7,1,0,0,0,0,0,0,6,0,5,2,0,0,0,0.0,0.0,0.0,0.0,-10.0,-10.0,0.0,0.0,0.0,0.0,0.0,0.0,0.0,0.0,0.0,0.0,0.0,0.0,0.0,0.0,0.0,0.0,2.571428571428573,0.0,-10.0,0.0,0.0,0.0
189,0,0,0,0,0,0,0,0,0,0,0,0,0,0,0,0,5,6,1,0,0,0,0,0,0,7,0,4,3,0,0,0,0.0,0.0,0.0,0.0,-10.0,-10.0,0.0,0.0,0.0,0.0,-10.0,0.0,0.0,0.0,0.0,0.0,0.0,0.0,-10.0,-10.0,0.0,0.0,-0.6428571428571423,0.0,0.0,0.0,0.0,0.0
190,0,0,0,0,0,0,0,0,0,0,0,0,0,0,0,0,5,7,1,0,0,0,0,0,0,6,0,4,2,0,0,0,0.0,0.0,0.0,0.0,-10.0,-10.0,0.0,0.0,0.0,-10.0,-10.0,0.0,0.0,0.0,0.0,0.0,0.0,0.0,-10.0,-10.0,0.0,0.0,2.571428571428573,0.0,0.0,0.0,0.0,0.0
191,0,0,0,0,0,0,0,0,0,0,0,0,0,0,0,0,5,7,1,0,0,0,0,0,0,6,0,4,3,0,0,0,0.0,0.0,0.0,0.0,-10.0,-10.0,0.0,0.0,0.0,-10.0,-10.0,0.0,0.0,0.0,0.0,0.0,0.0,0.0,-10.0,-10.0,0.0,-10.0,1.5,0.0,-10.0,0.0,0.0,0.0
192,0,0,0,0,0,0,0,0,0,0,0,7,0,0,0,0,6,5,4,0,8,0,0,0,0,1,0,0,3,0,0,0,0.0,0.0,0.0,0.0,-10.0,-10.0,-10.0,-10.0,-10.0,0.0,0.0,0.0,0.0,-10.0,0.0,0.0,0.0,-10.0,0.0,0.0,0.0,-10.0,2.75,0.0,0.0,-10.0,0.0,0.0
193,0,0,0,0,0,0,0,3,0,0,0,0,0,0,0,0,0,0,0,0,0,0,0,0,0,0,0,0,1,0,0,0,0.0,0.0,0.0,0.0,-10.0,0.0,0.0,0.0,0.0,0.0,0.0,0.0,0.0,0.0,0.0,1.25,1.666666666666666,0.0,0.0,0.0,0.0,0.0,0.0,0.0,0.0,0.0,0.0,0.0
194,0,0,0,0,0,0,0,5,0,0,0,0,0,0,0,0,0,0,4,0,0,0,0,0,0,1,0,0,3,0,0,0,0.0,0.0,0.0,0.0,-1.8000000000000007,0.0,0.0,0.0,0.0,0.0,0.0,0.0,0.0,0.0,1.0,1.0,0.0,0.0,0.0,2.0,0.0,0.0,0.0,0.0,0.0,0.0,0.0,0.0
195,0,0,0,0,0,0,0,5,0,0,0,0,0,0,0,0,3,4,6,0,0,0,0,0,1,0,0,0,0,0,0,0,0.0,0.0,0.0,0.0,-10.0,0.0,0.0,0.0,0.0,0.0,0.0,0.0,0.0,0.0,0.0,0.0,0.0,0.0,0.0,0.0,0.0,0.0,0.0,0.0,0.0,-10.0,-1.083333333333332,0.0
196,0,0,0,0,4,0,0,0,0,0,0,0,0,0,0,0,3,0,5,0,0,0,0,0,1,0,0,0,0,0,0,0,0.0,0.0,0.0,0.0,-10.0,-10.0,0.0,0.0,0.0,0.0,0.0,0.0,0.0,0.0,0.0,-10.0,0.0,0.0,0.0,0.0,0.0,0.0,0.0,0.0,0.0,-10.0,-1.1999999999999993,0.0
197,0,0,0,0,0,0,0,0,0,0,0,0,0,0,0,0,0,0,3,0,5,2,0,0,0,0,1,0,4,0,0,0,0.0,0.0,0.0,0.0,0.0,-10.0,0.0,0.0,0.0,0.0,0.0,0.0,0.0,0.0,0.0,-10.0,0.0,-10.0,0.0,0.0,-10.0,-10.0,-10.0,-1.400000000000001,0.0,0.0,0.0,0.0
198,0,0,0,0,0,0,3,0,0,0,0,0,0,0,0,0,0,0,0,0,0,0,0,0,0,0,0,0,1,0,0,0,0.0,0.0,0.0,0.0,0.0,-10.0,0.0,0.0,0.0,0.0,0.0,0.0,0.0,0.0,0.0,1.083333333333333,2.0,0.0,0.0,0.0,0.0,0.0,0.0,0.0,0.0,0.0,0.0,0.0
199,0,0,0,0,0,0,4,0,0,0,0,0,0,0,0,0,0,0,0,0,0,0,0,0,0,1,0,0,3,0,0,0,0.0,0.0,0.0,0.0,0.0,1.25,0.0,0.0,0.0,0.0,0.0,0.0,0.0,0.0,0.0,0.0,0.0,0.0,0.0,0.0,0.0,0.0,0.0,0.0,0.0,0.0,0.0,0.0
200,0,0,0,0,0,0,5,0,0,0,0,0,0,0,0,0,0,0,4,0,0,0,0,0,0,1,0,0,3,0,0,0,0.0,0.0,0.0,0.0,0.0,1.0,0.0,0.0,0.0,0.0,0.0,0.0,0.0,0.0,-0.3999999999999986,0.0,0.0,0.0,0.0,2.0,0.0,0.0,0.0,0.0,0.0,0.0,0.0,0.0
201,0,0,0,0,0,0,5,0,0,0,0,0,0,0,0,0,6,0,4,0,0,0,0,0,0,1,0,0,3,0,0,0,0.0,0.0,0.0,0.0,0.0,-10.0,0.0,0.0,0.0,0.0,0.0,0.0,0.0,0.0,0.0,0.0,0.0,0.0,0.0,-2.083333333333336,0.0,0.0,0.0,0.0,0.0,0.0,0.0,0.0
202,0,0,0,0,0,0,0,0,0,0,0,0,0,0,0,0,0,0,0,0,1,0,0,0,5,0,0,3,4,0,0,0,0.0,0.0,0.0,0.0,0.0,0.0,-10.0,-10.0,-10.0,0.0,0.0,0.0,0.0,0.0,0.0,0.0,0.0,-10.0,0.0,-10.0,-10.0,-10.0,0.0,0.0,0.0,0.0,0.0,0.0
203,0,0,0,0,0,0,0,0,0,0,0,0,0,0,0,0,0,3,4,0,0,0,0,1,5,0,0,0,0,0,0,0,0.0,0.0,0.0,0.0,0.0,0.0,-10.0,-10.0,-10.0,0.0,0.0,0.0,0.0,0.0,0.0,0.0,0.0,0.0,-10.0,-10.0,-10.0,0.0,0.0,0.0,0.0,0.0,0.0,0.0
204,0,0,0,0,0,0,0,0,0,0,0,3,0,0,0,0,0,0,0,0,0,0,0,1,0,0,0,0,4,0,0,0,0.0,0.0,0.0,0.0,0.0,0.0,-10.0,-10.0,-10.0,0.0,0.0,-10.0,-10.0,0.0,0.0,0.0,0.0,-10.0,-10.0,-10.0,-10.0,0.0,-10.0,0.0,0.0,0.0,0.0,0.0
205,0,0,0,0,0,0,0,5,0,0,0,0,0,0,0,0,0,8,4,0,7,6,0,0,0,1,0,0,3,0,0,0,0.0,0.0,0.0,0.0,0.0,0.0,-10.0,-10.0,-10.0,0.0,0.0,0.0,0.0,-10.0,0.0,0.0,0.0,-10.0,0.0,0.0,0.0,-10.0,4.25,0.0,0.0,-10.0,0.0,0.0
206,0,0,0,0,0,0,0,5,0,0,0,0,0,0,0,0,6,7,4,0,8,0,0,0,0,1,0,0,3,0,0,0,0.0,0.0,0.0,0.0,0.0,0.0,-10.0,-10.0,-10.0,0.0,0.0,0.0,0.0,0.0,0.0,0.0,0.0,-10.0,0.0,0.0,0.0,-10.0,4.1875,0.0,0.0,-10.0,0.0,0.0
207,0,0,0,0,0,0,5,0,0,0,0,0,0,0,0,0,0,7,4,0,8,6,0,0,0,1,0,0,3,0,0,0,0.0,0.0,0.0,0.0,0.0,0.0,-10.0,-10.0,-10.0,0.0,0.0,0.0,0.0,-10.0,0.0,0.0,0.0,-10.0,0.0,0.0,-10.0,-10.0,1.8125,0.0,-10.0,-10.0,0.0,0.0
208,0,0,0,0,0,0,6,0,0,0,0,7,0,0,0,0,0,5,4,0,8,0,0,0,0,1,0,0,3,0,0,0,0.0,0.0,0.0,0.0,0.0,0.0,-10.0,-10.0,-10.0,0.0,0.0,0.0,0.0,-10.0,0.0,0.0,0.0,-10.0,0.0,0.0,-10.0,-10.0,0.3125,0.0,-10.0,-10.0,0.0,0.0
209,0,0,0,0,0,0,0,6,0,0,0,7,0,0,0,0,0,5,4,0,8,0,0,0,0,1,0,0,3,0,0,0,0.0,0.0,0.0,0.0,0.0,0.0,0.0,-10.0,-10.0,0.0,0.0,0.0,0.0,-10.0,-10.0,0.0,0.0,-10.0,0.0,0.0,0.0,-10.0,1.3125,0.0,0.0,-10.0,0.0,0.0
210,0,0,0,0,0,0,0,0,0,0,0,0,0,0,0,0,0,4,3,5,0,0,0,0,0,0,0,0,1,0,0,0,0.0,0.0,0.0,0.0,0.0,0.0,0.0,0.0,-10.0,0.0,0.0,0.0,0.0,0.0,0.0,0.0,0.0,0.0,0.0,0.0,0.0,0.0,0.0,0.0,0.0,0.0,0.0,0.0
211,0,0,0,0,0,0,0,0,0,0,0,0,0,0,0,0,4,0,1,0,0,0,0,0,0,6,0,5,2,0,0,0,0.0,0.0,0.0,0.0,0.0,0.0,0.0,0.0,0.0,-10.0,0.0,0.0,0.0,0.0,0.0,0.0833333333333321,0.0,0.0,0.0,-10.0,0.0,0.0,0.0,0.0,0.0,0.0,0.0,0.0
212,0,0,0,0,0,0,0,0,0,0,0,0,0,0,0,0,6,5,4,0,0,0,0,0,0,1,0,0,3,0,0,0,0.0,0.0,0.0,0.0,0.0,0.0,0.0,0.0,0.0,-1.1666666666666643,0.0,0.0,0.0,0.0,0.0,0.0,0.0,0.0,0.0,0.0,0.0,0.0,0.0,0.0,0.0,0.0,0.0,0.0
213,0,0,0,0,0,0,0,3,0,0,0,0,0,0,0,0,0,4,0,0,0,0,0,0,0,0,0,0,1,0,0,0,0.0,0.0,0.0,0.0,0.0,0.0,0.0,0.0,0.0,-10.0,0.0,0.0,0.0,0.0,0.0,0.0,-1.25,0.0,0.0,0.0,0.0,0.0,0.0,0.0,0.0,0.0,0.0,0.0
214,0,0,0,0,0,0,0,6,0,0,0,0,0,0,0,0,0,5,4,0,0,0,0,0,0,1,0,0,3,0,0,0,0.0,0.0,0.0,0.0,0.0,0.0,0.0,0.0,0.0,-2.5,0.0,0.0,0.0,0.0,0.0,0.0,0.0,0.0,0.0,1.666666666666668,0.0,0.0,0.0,0.0,0.0,0.0,0.0,0.0
215,0,0,0,0,0,0,4,5,0,0,0,0,0,0,0,0,0,7,6,0,0,0,0,0,0,1,0,0,3,0,0,0,0.0,0.0,0.0,0.0,0.0,0.0,0.0,0.0,0.0,-10.0,0.0,0.0,0.0,0.0,0.0,0.0,0.0,0.0,-2.1428571428571423,-10.0,0.0,0.0,0.0,0.0,0.0,0.0,0.0,0.0
216,0,0,0,0,0,0,6,0,0,0,0,0,0,0,0,0,0,5,4,0,0,0,0,0,0,1,0,0,3,0,0,0,0.0,0.0,0.0,0.0,0.0,0.0,0.0,0.0,0.0,-1.1666666666666643,0.0,0.0,0.0,0.0,0.0,0.0,0.0,0.0,0.0,0.0,0.0,0.0,0.0,0.0,0.0,0.0,0.0,0.0
217,0,0,0,0,0,0,0,0,0,0,0,0,0,0,0,0,0,4,3,0,0,0,0,0,6,5,0,0,1,0,0,0,0.0,0.0,0.0,0.0,0.0,0.0,0.0,0.0,0.0,0.0,0.0,-10.0,-10.0,0.0,0.0,0.0,0.0,0.0,0.0,0.0,-10.0,-10.0,0.0,0.0,0.0,-10.0,0.0,0.0
218,0,0,0,0,0,0,0,0,0,0,0,3,0,0,0,0,0,0,4,0,0,0,0,0,6,5,0,0,1,0,0,0,0.0,0.0,0.0,0.0,0.0,0.0,0.0,0.0,0.0,0.0,0.0,-10.0,-10.0,0.0,0.0,0.0,0.0,0.0,0.0,0.0,-10.0,-10.0,0.0,0.0,0.0,-10.0,0.0,0.0
219,0,0,0,0,0,0,0,3,0,0,0,0,0,0,0,0,0,0,4,0,0,0,0,0,6,5,0,0,1,0,0,0,0.0,0.0,0.0,0.0,0.0,0.0,0.0,0.0,0.0,0.0,0.0,-10.0,-10.0,0.0,0.0,0.0,0.0,0.0,0.0,0.0,-10.0,-10.0,0.0,0.0,0.0,0.0,0.0,0.0
220,0,0,0,0,0,0,0,4,0,0,0,0,0,0,0,0,0,0,3,0,0,0,0,0,6,5,0,0,1,0,0,0,0.0,0.0,0.0,0.0,0.0,0.0,0.0,0.0,0.0,0.0,0.0,-10.0,-10.0,0.0,0.0,0.0,0.0,0.0,0.0,0.0,-10.0,-10.0,0.0,0.0,0.0,0.0,0.0,0.0
221,0,0,0,0,0,0,0,0,0,0,0,0,0,0,0,0,0,0,0,0,0,0,1,0,0,0,0,0,0,0,0,0,0.0,0.0,0.0,0.0,0.0,0.0,0.0,0.0,0.0,0.0,0.0,0.0,0.0,-10.0,-10.0,0.0,1.125,0.0,0.0,0.0,0.0,0.0,0.0,3.3125,-10.0,-10.0,0.0,0.0
222,0,0,0,0,0,0,0,0,0,0,0,0,0,0,0,0,0,0,0,1,0,0,0,0,0,0,0,4,2,0,0,0,0.0,0.0,0.0,0.0,0.0,0.0,0.0,0.0,0.0,0.0,0.0,0.0,0.0,-10.0,-10.0,0.0,1.875,0.0,0.0,0.0,0.0,0.0,0.0,4.068181818181818,-10.0,0.0,0.0,0.0
223,0,0,0,0,0,0,0,0,0,0,0,0,0,0,0,0,0,0,0,1,0,0,0,0,0,5,0,4,2,0,0,0,0.0,0.0,0.0,0.0,0.0,0.0,0.0,0.0,0.0,0.0,0.0,0.0,0.0,-10.0,-10.0,0.0,-2.209090909090909,0.0,0.0,0.0,0.0,0.0,0.0,0.0,-10.0,0.0,0.0,0.0
224,0,0,0,0,0,0,0,0,0,0,0,0,0,0,0,0,3,0,0,0,1,0,0,0,0,0,0,0,4,0,0,0,0.0,0.0,0.0,0.0,0.0,0.0,0.0,0.0,0.0,0.0,0.0,0.0,0.0,-10.0,0.0,0.0,0.0,0.0,0.0,0.0,0.0,0.0,0.0,-0.7386363636363636,-10.0,-10.0,0.0,0.0
225,0,0,0,0,0,0,0,0,0,0,0,0,0,0,0,0,5,0,1,0,0,0,0,0,0,0,0,4,2,0,0,0,0.0,0.0,0.0,0.0,0.0,0.0,0.0,0.0,0.0,0.0,0.0,0.0,0.0,-10.0,0.0,0.0,0.0,0.0,0.0,0.0,0.0,0.0,0.0,3.5999999999999996,0.0,0.0,0.0,0.0
226,0,0,0,0,0,0,0,0,0,0,1,0,0,0,0,0,0,0,5,0,0,0,0,0,0,4,0,0,2,0,0,0,0.0,0.0,0.0,0.0,0.0,0.0,0.0,0.0,0.0,0.0,0.0,0.0,0.0,-10.0,-10.0,-0.3333333333333335,0.0,0.0,0.0,0.0,0.0,0.0,2.057142857142857,0.0,-10.0,0.0,0.0,0.0
227,0,0,0,0,0,0,0,0,0,0,0,0,0,0,0,0,0,0,0,0,0,0,0,0,1,0,0,0,0,0,0,0,0.0,0.0,0.0,0.0,0.0,0.0,0.0,0.0,0.0,0.0,0.0,0.0,0.0,0.0,2.5,0.0,0.0,0.0,0.0,0.0,0.0,0.0,0.0,0.0,0.0,0.0,0.0,0.0
228,0,0,0,0,0,0,0,0,0,0,0,0,0,0,0,0,0,0,0,0,0,1,0,0,0,0,0,0,0,0,0,0,0.0,0.0,0.0,0.0,0.0,0.0,0.0,0.0,0.0,0.0,0.0,0.0,0.0,0.0,-0.6875,0.0,0.0,0.0,0.0,0.0,0.0,0.0,0.0,0.0,0.0,0.0,0.0,0.0
229,0,0,0,0,0,0,0,0,0,0,0,0,0,0,0,0,0,0,0,0,1,0,0,0,0,0,0,0,0,0,0,0,0.0,0.0,0.0,0.0,0.0,0.0,0.0,0.0,0.0,0.0,0.0,0.0,0.0,0.0,1.8181818181818181,0.0,0.0,0.0,0.0,0.0,0.0,0.0,0.0,0.0,0.0,3.0,0.0,0.0
230,0,0,0,0,0,0,0,0,0,0,0,0,0,0,0,0,0,0,0,0,1,0,0,0,0,0,0,3,0,0,0,0,0.0,0.0,0.0,0.0,0.0,0.0,0.0,0.0,0.0,0.0,0.0,0.0,0.0,0.0,-10.0,0.0,0.0,0.0,0.0,0.0,0.0,0.0,0.0,0.0,0.0,0.0,3.0000000000000018,0.0
231,0,0,0,0,0,0,0,0,0,0,0,0,0,0,0,0,0,0,1,0,0,0,0,0,0,0,0,0,2,0,0,0,0.0,0.0,0.0,0.0,0.0,0.0,0.0,0.0,0.0,0.0,0.0,0.0,0.0,0.0,1.666666666666668,0.0,0.0,0.0,0.0,0.0,0.0,0.0,0.0,0.0,0.0,3.333333333333332,0.0,0.0
232,0,0,0,0,0,0,0,0,0,0,0,0,0,0,0,0,0,0,1,0,0,0,0,0,0,0,0,0,3,0,0,0,0.0,0.0,0.0,0.0,0.0,0.0,0.0,0.0,0.0,0.0,0.0,0.0,0.0,0.0,1.666666666666668,0.0,0.0,0.0,0.0,0.0,0.0,0.0,0.0,0.0,0.0,3.333333333333334,0.0,0.0
233,0,0,0,0,0,0,0,0,0,0,0,0,0,0,0,0,0,0,1,0,0,0,0,0,0,0,0,4,2,0,0,0,0.0,0.0,0.0,0.0,0.0,0.0,0.0,0.0,0.0,0.0,0.0,0.0,0.0,0.0,-1.375,0.0,0.0,0.0,0.0,0.0,0.0,0.0,0.0,0.0,0.0,0.0,0.0,0.0
234,0,0,0,0,0,0,0,0,0,0,0,0,0,0,0,0,0,0,1,0,0,0,0,0,0,0,0,4,3,0,0,0,0.0,0.0,0.0,0.0,0.0,0.0,0.0,0.0,0.0,0.0,0.0,0.0,0.0,0.0,-0.041666666666666664,0.0,0.0,0.0,0.0,0.0,0.0,0.0,0.0,0.0,0.0,0.0,0.0,0.0
235,0,0,0,0,0,0,0,0,0,0,0,0,0,0,0,0,0,1,6,0,0,4,0,0,0,5,0,0,2,0,0,0,0.0,0.0,0.0,0.0,0.0,0.0,0.0,0.0,0.0,0.0,0.0,0.0,0.0,0.0,-0.6666666666666643,0.0,0.0,0.0,0.0,0.0,0.0,0.0,0.0,0.0,0.0,-10.0,0.0,0.0
236,0,0,0,0,0,0,0,0,0,0,0,0,0,0,0,0,0,1,7,0,0,4,0,0,0,5,0,6,2,0,0,0,0.0,0.0,0.0,0.0,0.0,0.0,0.0,0.0,0.0,0.0,0.0,0.0,0.0,0.0,-10.0,0.0,0.0,0.0,-10.0,0.0,0.0,0.0,1.0,0.0,0.0,0.0,0.0,0.0
237,0,0,0,0,0,0,4,5,0,0,0,0,0,0,0,0,0,0,0,0,0,0,0,0,0,1,0,0,3,0,0,0,0.0,0.0,0.0,0.0,0.0,0.0,0.0,0.0,0.0,0.0,0.0,0.0,0.0,0.0,-10.0,0.0,2.1999999999999997,0.0,0.0,0.0,0.0,0.0,0.0,0.0,0.0,0.0,0.0,0.0
238,0,0,0,0,0,0,6,5,0,0,0,0,0,0,0,0,0,0,4,0,0,0,0,0,0,1,0,0,3,0,0,0,0.0,0.0,0.0,0.0,0.0,0.0,0.0,0.0,0.0,0.0,0.0,0.0,0.0,0.0,-10.0,0.0,0.0,0.0,0.0,-2.75,0.0,0.0,0.0,0.0,0.0,0.0,0.0,0.0
239,0,0,0,0,0,0,0,0,0,0,0,0,0,0,0,0,0,0,2,0,3,0,0,4,0,0,0,0,5,0,0,0,0.0,0.0,0.0,0.0,0.0,0.0,0.0,0.0,0.0,0.0,0.0,0.0,0.0,0.0,0.0,-1.6999999999999993,0.0,0.0,0.0,0.0,0.0,0.0,0.0,0.0,0.0,0.0,0.0,0.0
240,0,0,0,0,0,0,0,0,0,0,0,0,0,0,0,0,0,0,2,0,3,4,0,0,0,0,1,0,5,0,0,0,0.0,0.0,0.0,0.0,0.0,0.0,0.0,0.0,0.0,0.0,0.0,0.0,0.0,0.0,0.0,-10.0,0.0,-10.0,0.0,0.0,0.0,-10.0,-10.0,-0.4000000000000021,0.0,0.0,0.0,0.0
241,0,0,0,0,0,0,0,0,0,0,0,0,0,0,0,0,0,0,2,0,3,5,0,0,0,0,1,0,4,0,0,0,0.0,0.0,0.0,0.0,0.0,0.0,0.0,0.0,0.0,0.0,0.0,0.0,0.0,0.0,0.0,-10.0,0.0,-10.0,0.0,0.0,-10.0,-10.0,-10.0,-3.1999999999999997,0.0,0.0,0.0,0.0
242,0,0,0,0,0,0,0,0,0,0,0,0,0,0,0,0,0,0,2,0,4,3,0,0,0,0,1,0,5,0,0,0,0.0,0.0,0.0,0.0,0.0,0.0,0.0,0.0,0.0,0.0,0.0,0.0,0.0,0.0,0.0,-10.0,0.0,-10.0,0.0,0.0,-10.0,-10.0,-10.0,-2.599999999999998,0.0,0.0,0.0,0.0
243,0,0,0,0,0,0,0,0,0,0,0,0,0,0,0,0,0,0,2,0,5,3,0,0,0,0,1,0,4,0,0,0,0.0,0.0,0.0,0.0,0.0,0.0,0.0,0.0,0.0,0.0,0.0,0.0,0.0,0.0,0.0,-10.0,0.0,-10.0,0.0,0.0,-10.0,-10.0,-10.0,-0.4666666666666674,0.0,0.0,0.0,0.0
244,0,0,0,0,0,0,0,0,0,0,0,0,0,0,0,0,0,0,4,0,5,2,0,0,0,0,1,0,3,0,0,0,0.0,0.0,0.0,0.0,0.0,0.0,0.0,0.0,0.0,0.0,0.0,0.0,0.0,0.0,0.0,-10.0,0.0,-10.0,0.0,0.0,-10.0,-10.0,-10.0,-1.6999999999999993,0.0,0.0,0.0,0.0
245,0,0,0,0,0,0,0,0,0,0,0,0,0,0,0,0,0,0,5,0,0,0,0,3,2,4,0,0,0,0,0,0,0.0,0.0,0.0,0.0,0.0,0.0,0.0,0.0,0.0,0.0,0.0,0.0,0.0,0.0,0.0,-1.0,0.0,0.0,0.0,0.0,0.0,0.0,0.0,0.0,0.0,0.0,0.0,0.0
246,0,0,0,0,0,0,0,0,0,0,0,0,0,0,0,0,0,0,5,0,2,0,0,0,4,6,0,0,3,0,0,0,0.0,0.0,0.0,0.0,0.0,0.0,0.0,0.0,0.0,0.0,0.0,0.0,0.0,0.0,0.0,-3.833333333333336,0.0,0.0,0.0,0.0,-10.0,0.0,0.0,0.0,0.0,0.0,0.0,0.0
247,0,0,0,0,0,0,0,0,0,0,0,0,0,0,0,0,0,0,5,0,4,2,0,0,0,0,1,0,3,0,0,0,0.0,0.0,0.0,0.0,0.0,0.0,0.0,0.0,0.0,0.0,0.0,0.0,0.0,0.0,0.0,-10.0,0.0,-10.0,0.0,0.0,-10.0,-10.0,-10.0,-2.6000000000000014,0.0,0.0,0.0,0.0
248,0,0,0,0,0,0,0,0,0,0,0,0,0,0,0,1,0,0,2,0,0,3,0,0,0,0,0,0,0,0,0,0,0.0,0.0,0.0,0.0,0.0,0.0,0.0,0.0,0.0,0.0,0.0,0.0,0.0,0.0,0.0,-10.0,0.0,-10.0,-10.0,0.0,-10.0,-10.0,-10.0,0.125000000000001,0.0,0.0,-10.0,0.0
249,0,0,0,0,0,0,0,0,0,0,0,0,0,0,0,1,0,0,3,0,0,2,0,0,0,0,0,0,0,0,0,0,0.0,0.0,0.0,0.0,0.0,0.0,0.0,0.0,0.0,0.0,0.0,0.0,0.0,0.0,0.0,-10.0,0.0,-10.0,-10.0,0.0,-10.0,-10.0,-10.0,-2.305555555555555,0.0,0.0,-10.0,0.0
250,0,0,0,0,0,0,0,5,0,0,0,0,0,0,0,0,6,0,4,0,0,0,0,0,0,1,0,0,3,0,0,0,0.0,0.0,0.0,0.0,0.0,0.0,0.0,0.0,0.0,0.0,0.0,0.0,0.0,0.0,0.0,1.416666666666668,0.0,0.0,0.0,0.0,0.0,0.0,0.0,0.0,0.0,0.0,0.0,0.0
251,0,0,0,0,0,0,4,5,0,0,0,0,0,0,0,0,0,0,6,0,0,0,0,0,0,1,0,0,3,0,0,0,0.0,0.0,0.0,0.0,0.0,0.0,0.0,0.0,0.0,0.0,0.0,0.0,0.0,0.0,0.0,0.1666666666666678,0.0,0.0,0.0,0.0,0.0,0.0,0.0,0.0,0.0,0.0,0.0,0.0
252,0,0,0,0,0,0,0,0,0,0,0,0,0,0,0,0,0,0,0,0,0,0,0,0,0,0,0,0,0,0,0,0,0.0,0.0,0.0,0.0,0.0,0.0,0.0,0.0,0.0,0.0,0.0,0.0,0.0,0.0,0.0,0.0,5.0,0.0,10.0,10.0,0.0,0.0,15.0,10.0,0.0,0.0,10.0,0.0
253,0,0,0,0,0,0,0,0,0,0,0,0,0,0,0,0,0,0,0,0,0,0,0,0,0,0,0,1,0,0,0,0,0.0,0.0,0.0,0.0,0.0,0.0,0.0,0.0,0.0,0.0,0.0,0.0,0.0,0.0,0.0,0.0,5.0,0.0,0.0,10.0,0.0,0.0,0.0,0.0,0.0,0.0,0.0,0.0
254,0,0,0,0,0,0,0,0,0,0,0,0,0,0,0,0,0,0,0,0,0,0,0,0,0,0,1,0,0,0,0,0,0.0,0.0,0.0,0.0,0.0,0.0,0.0,0.0,0.0,0.0,0.0,0.0,0.0,0.0,0.0,0.0,5.0,0.0,0.0,10.0,0.0,0.0,0.0,0.0,0.0,0.0,0.0,0.0
255,0,0,0,0,0,0,0,0,0,0,0,0,0,0,0,0,0,0,0,0,0,0,0,3,2,4,0,0,0,0,0,0,0.0,0.0,0.0,0.0,0.0,0.0,0.0,0.0,0.0,0.0,0.0,0.0,0.0,0.0,0.0,0.0,1.25,0.0,0.0,0.0,0.0,0.0,0.0,0.0,0.0,0.0,0.0,0.0
256,0,0,0,0,0,0,0,0,0,0,0,0,0,0,0,0,0,0,0,0,0,0,0,4,3,0,0,0,2,0,0,0,0.0,0.0,0.0,0.0,0.0,0.0,0.0,0.0,0.0,0.0,0.0,0.0,0.0,0.0,0.0,0.0,0.125,0.0,0.0,0.0,-10.0,0.0,0.0,0.0,0.0,0.0,0.0,0.0
257,0,0,0,0,0,0,0,0,0,0,0,0,0,0,0,0,0,0,0,0,0,2,0,0,0,0,0,1,0,0,0,0,0.0,0.0,0.0,0.0,0.0,0.0,0.0,0.0,0.0,0.0,0.0,0.0,0.0,0.0,0.0,0.0,2.5,0.0,0.0,0.0,0.0,0.0,0.0,0.0,0.0,0.0,0.0,0.0
258,0,0,0,0,0,0,0,0,0,0,0,0,0,0,0,0,0,0,0,0,0,2,0,0,0,0,1,0,0,0,0,0,0.0,0.0,0.0,0.0,0.0,0.0,0.0,0.0,0.0,0.0,0.0,0.0,0.0,0.0,0.0,0.0,2.5,0.0,5.0,0.0,0.0,0.0,0.0,0.0,0.0,0.0,5.0,0.0
259,0,0,0,0,0,0,0,0,0,0,0,0,0,0,0,0,0,0,0,0,0,2,0,0,0,0,1,0,3,0,0,0,0.0,0.0,0.0,0.0,0.0,0.0,0.0,0.0,0.0,0.0,0.0,0.0,0.0,0.0,0.0,0.0,1.6666666666666643,0.0,3.333333333333332,0.0,0.0,0.0,0.0,0.0,0.0,0.0,0.0,0.0
260,0,0,0,0,0,0,0,0,0,0,0,0,0,0,0,0,0,0,0,0,0,2,0,0,0,3,0,0,0,0,0,0,0.0,0.0,0.0,0.0,0.0,0.0,0.0,0.0,0.0,0.0,0.0,0.0,0.0,0.0,0.0,0.0,1.6666666666666643,0.0,0.0,0.0,0.0,0.0,0.0,0.0,0.0,0.0,0.0,0.0
261,0,0,0,0,0,0,0,0,0,0,0,0,0,0,0,0,0,0,0,0,2,0,0,0,0,0,0,0,0,0,0,0,0.0,0.0,0.0,0.0,0.0,0.0,0.0,0.0,0.0,0.0,0.0,0.0,0.0,0.0,0.0,0.0,2.5,0.0,0.0,0.0,0.0,7.5,0.0,0.0,0.0,0.0,5.0,0.0
262,0,0,0,0,0,0,0,0,0,0,0,0,0,0,0,0,0,0,0,0,2,0,0,0,4,0,0,0,3,0,0,0,0.0,0.0,0.0,0.0,0.0,0.0,0.0,0.0,0.0,0.0,0.0,0.0,0.0,0.0,0.0,0.0,1.25,0.0,0.0,0.0,0.0,0.0,0.0,0.0,0.0,0.0,0.0,0.0
263,0,0,0,0,0,0,0,0,0,0,0,0,0,0,0,0,0,0,0,0,2,0,4,3,0,0,0,0,0,0,0,0,0.0,0.0,0.0,0.0,0.0,0.0,0.0,0.0,0.0,0.0,0.0,0.0,0.0,0.0,0.0,0.0,-4.875,-10.0,0.0,-10.0,0.0,0.0,0.0,0.0,0.0,0.0,-10.0,0.0
264,0,0,0,0,0,0,0,0,0,0,0,0,0,0,0,0,0,0,0,0,3,2,0,0,0,0,1,0,0,0,0,0,0.0,0.0,0.0,0.0,0.0,0.0,0.0,0.0,0.0,0.0,0.0,0.0,0.0,0.0,0.0,0.0,1.6666666666666643,0.0,0.0,0.0,0.0,0.0,0.0,0.0,0.0,0.0,0.0,0.0
265,0,0,0,0,0,0,0,0,0,0,0,0,0,0,0,0,0,0,0,0,4,2,0,0,0,0,1,0,3,0,0,0,0.0,0.0,0.0,0.0,0.0,0.0,0.0,0.0,0.0,0.0,0.0,0.0,0.0,0.0,0.0,0.0,0.125,0.0,0.0,0.0,0.0,0.0,0.0,0.0,0.0,0.0,0.0,0.0
266,0,0,0,0,0,0,0,0,0,0,0,0,0,0,0,0,0,1,0,0,0,0,0,0,0,0,0,0,2,0,0,0,0.0,0.0,0.0,0.0,0.0,0.0,0.0,0.0,0.0,0.0,0.0,0.0,0.0,0.0,0.0,0.0,1.666666666666668,0.0,0.0,3.333333333333332,0.0,0.0,0.0,0.0,0.0,0.0,0.0,0.0
267,0,0,0,0,0,0,0,0,0,0,0,0,0,0,0,0,0,1,0,0,0,4,0,0,0,0,0,0,2,0,0,0,0.0,0.0,0.0,0.0,0.0,0.0,0.0,0.0,0.0,0.0,0.0,0.0,0.0,0.0,0.0,0.0,1.25,0.0,0.0,0.0,0.0,0.0,0.0,2.5,0.0,1.625,0.0,0.0
268,0,0,0,0,0,0,0,0,0,0,0,0,0,0,0,0,0,1,0,0,0,4,0,0,0,0,0,5,2,0,0,0,0.0,0.0,0.0,0.0,0.0,0.0,0.0,0.0,0.0,0.0,0.0,0.0,0.0,0.0,0.0,0.0,2.400000000000002,0.0,0.0,0.0,0.0,0.0,0.0,0.0,0.0,0.0,0.0,0.0
269,0,0,0,0,0,0,0,0,0,0,0,0,0,0,0,0,0,1,0,0,0,4,0,0,0,5,0,0,2,0,0,0,0.0,0.0,0.0,0.0,0.0,0.0,0.0,0.0,0.0,0.0,0.0,0.0,0.0,0.0,0.0,0.0,1.0,0.0,0.0,0.0,0.0,0.0,0.0,0.0,0.0,0.1999999999999993,0.0,0.0
270,0,0,0,0,0,0,0,0,0,0,0,0,0,0,0,0,0,1,0,0,0,4,0,0,0,5,0,6,2,0,0,0,0.0,0.0,0.0,0.0,0.0,0.0,0.0,0.0,0.0,0.0,0.0,0.0,0.0,0.0,0.0,0.0,2.25,0.0,0.0,0.0,0.0,0.0,0.0,0.0,0.0,0.0,0.0,0.0
271,0,0,0,0,0,0,0,0,0,0,0,0,0,0,0,0,1,0,0,0,0,0,0,0,0,0,0,0,0,0,0,0,0.0,0.0,0.0,0.0,0.0,0.0,0.0,0.0,0.0,0.0,0.0,0.0,0.0,0.0,0.0,0.0,5.0,0.0,10.0,10.0,0.0,15.0,0.0,0.0,0.0,0.0,10.0,0.0
272,0,0,0,0,0,0,0,0,0,0,0,0,0,0,0,0,1,0,0,0,0,0,0,0,0,0,0,0,2,0,0,0,0.0,0.0,0.0,0.0,0.0,0.0,0.0,0.0,0.0,0.0,0.0,0.0,0.0,0.0,0.0,0.0,2.5,0.0,0.0,5.0,0.0,0.0,0.0,0.0,0.0,0.0,0.0,0.0
273,0,0,0,0,0,0,0,0,0,0,0,0,0,0,0,0,1,0,0,0,0,2,0,0,0,0,0,0,0,0,0,0,0.0,0.0,0.0,0.0,0.0,0.0,0.0,0.0,0.0,0.0,0.0,0.0,0.0,0.0,0.0,0.0,2.5,0.0,5.0,0.0,0.0,0.0,0.0,0.0,0.0,0.0,5.0,0.0
274,0,0,0,0,0,0,0,0,0,0,0,0,0,0,0,0,1,0,0,0,0,2,0,0,0,0,0,0,3,0,0,0,0.0,0.0,0.0,0.0,0.0,0.0,0.0,0.0,0.0,0.0,0.0,0.0,0.0,0.0,0.0,0.0,1.1666666666666643,0.0,0.0,0.0,0.0,0.0,0.0,0.0,0.0,0.0,0.0,0.0
275,0,0,0,0,0,0,0,0,0,0,0,0,0,0,0,1,0,0,0,0,0,0,0,0,0,0,0,0,0,0,0,0,0.0,0.0,0.0,0.0,0.0,0.0,0.0,0.0,0.0,0.0,0.0,0.0,0.0,0.0,0.0,0.0,5.0,0.0,0.0,10.0,0.0,0.0,0.0,0.0,0.0,0.0,0.0,0.0
276,0,0,0,0,0,0,0,0,0,0,0,0,0,0,0,1,0,0,0,0,0,2,0,0,0,0,0,0,0,0,0,0,0.0,0.0,0.0,0.0,0.0,0.0,0.0,0.0,0.0,0.0,0.0,0.0,0.0,0.0,0.0,0.0,2.2916666666666665,0.0,0.5,0.0,0.0,0.0,0.0,0.0,0.0,0.0,0.0,0.0
277,0,0,0,0,0,0,0,0,0,0,0,0,0,0,1,0,0,0,0,0,0,0,0,0,0,0,0,0,0,0,0,0,0.0,0.0,0.0,0.0,0.0,0.0,0.0,0.0,0.0,0.0,0.0,0.0,0.0,0.0,0.0,0.0,5.0,0.0,0.0,7.222222222222222,0.0,0.0,0.0,0.0,0.0,0.0,0.0,0.0
278,0,0,0,0,0,0,0,0,0,0,0,0,0,1,0,0,0,0,0,0,0,0,0,0,0,0,0,0,0,0,0,0,0.0,0.0,0.0,0.0,0.0,0.0,0.0,0.0,0.0,0.0,0.0,0.0,0.0,0.0,0.0,0.0,5.0,0.0,0.0,8.75,0.0,0.0,0.0,0.0,0.0,0.0,10.0,0.0
279,0,0,0,0,0,0,0,0,0,0,0,0,0,1,0,0,0,0,0,0,0,0,0,0,0,0,0,0,2,0,0,0,0.0,0.0,0.0,0.0,0.0,0.0,0.0,0.0,0.0,0.0,0.0,0.0,0.0,0.0,0.0,0.0,-3.0,0.0,0.0,-10.0,0.0,0.0,0.0,0.0,0.0,0.0,0.0,0.0
280,0,0,0,0,0,0,0,0,0,0,0,0,0,1,0,0,0,0,0,0,0,2,0,0,0,0,0,0,0,0,0,0,0.0,0.0,0.0,0.0,0.0,0.0,0.0,0.0,0.0,0.0,0.0,0.0,0.0,0.0,0.0,0.0,-4.541666666666667,0.0,0.0,0.0,0.0,0.0,0.0,0.0,0.0,0.0,0.0,0.0
281,0,0,0,0,0,0,0,0,0,0,0,0,1,0,0,0,0,0,0,0,0,0,0,0,0,0,0,0,0,0,0,0,0.0,0.0,0.0,0.0,0.0,0.0,0.0,0.0,0.0,0.0,0.0,0.0,0.0,0.0,0.0,0.0,5.0,0.0,0.0,0.0,0.0,0.0,0.0,0.0,0.0,0.0,9.636363636363637,0.0
282,0,0,0,0,0,0,0,0,0,0,0,1,0,0,0,0,0,0,0,0,0,0,0,0,0,0,0,0,2,0,0,0,0.0,0.0,0.0,0.0,0.0,0.0,0.0,0.0,0.0,0.0,0.0,0.0,0.0,0.0,0.0,0.0,2.5,0.0,0.0,5.0,0.0,0.0,0.0,5.0,0.0,0.0,0.0,0.0
283,0,0,0,0,0,0,0,0,0,0,0,1,0,0,0,0,0,0,0,0,0,0,0,0,0,3,0,0,2,0,0,0,0.0,0.0,0.0,0.0,0.0,0.0,0.0,0.0,0.0,0.0,0.0,0.0,0.0,0.0,0.0,0.0,1.6666666666666643,0.0,0.0,0.0,0.0,0.0,0.0,0.0,0.0,0.0,0.0,0.0
284,0,0,0,0,0,0,0,0,0,0,0,1,0,0,0,0,0,0,0,0,0,3,0,0,0,0,0,0,2,0,0,0,0.0,0.0,0.0,0.0,0.0,0.0,0.0,0.0,0.0,0.0,0.0,0.0,0.0,0.0,0.0,0.0,0.6666666666666643,0.0,0.0,0.0,0.0,0.0,0.0,0.0,0.0,0.0,0.0,0.0
285,0,0,0,0,0,0,0,0,0,0,0,3,0,0,0,0,0,0,0,0,0,0,0,0,0,0,0,0,1,0,0,0,0.0,0.0,0.0,0.0,0.0,0.0,0.0,0.0,0.0,0.0,0.0,0.0,0.0,0.0,0.0,0.0,2.666666666666666,0.0,0.0,0.0,0.0,0.0,0.0,0.0,0.0,0.0,0.0,0.0
286,0,0,0,0,0,0,0,0,0,0,1,0,0,0,0,0,0,0,0,0,0,0,0,0,0,4,0,0,2,0,0,0,0.0,0.0,0.0,0.0,0.0,0.0,0.0,0.0,0.0,0.0,0.0,0.0,0.0,0.0,0.0,0.0,1.0909090909090908,0.0,0.0,0.0,0.0,0.0,0.0,0.0,0.0,0.0,0.0,0.0
287,0,0,0,0,0,0,0,0,0,1,0,0,0,0,0,0,0,0,0,0,0,0,0,0,0,3,0,0,2,0,0,0,0.0,0.0,0.0,0.0,0.0,0.0,0.0,0.0,0.0,0.0,0.0,0.0,0.0,0.0,0.0,0.0,0.20833333333333304,0.0,0.0,0.0,0.0,0.0,0.0,0.0,0.0,-10.0,0.0,0.0
288,0,0,0,0,0,0,0,1,0,0,0,0,0,0,0,0,0,0,0,0,0,0,0,0,0,0,0,0,2,0,0,0,0.0,0.0,0.0,0.0,0.0,0.0,0.0,0.0,0.0,0.0,0.0,0.0,0.0,0.0,0.0,0.0,2.5,0.0,0.0,0.0,0.0,0.0,0.0,5.0,0.0,0.0,0.0,0.0
289,0,0,0,0,0,0,0,1,0,0,0,0,0,0,0,0,0,0,0,0,0,0,0,0,0,3,0,0,2,0,0,0,0.0,0.0,0.0,0.0,0.0,0.0,0.0,0.0,0.0,0.0,0.0,0.0,0.0,0.0,0.0,0.0,1.4249999999999978,0.0,0.0,0.0,0.0,0.0,0.0,0.0,0.0,-10.0,0.0,0.0
290,0,0,0,0,0,0,0,5,0,0,0,0,0,0,0,0,3,4,0,0,0,0,0,0,1,0,0,0,0,0,0,0,0.0,0.0,0.0,0.0,0.0,0.0,0.0,0.0,0.0,0.0,0.0,0.0,0.0,0.0,0.0,0.0,1.2000000000000028,0.0,0.0,0.0,0.0,0.0,0.0,0.0,0.0,0.0,0.0,0.0
291,0,0,0,0,0,0,1,0,0,0,0,0,0,0,0,0,0,0,0,0,0,0,0,0,0,0,0,0,2,0,0,0,0.0,0.0,0.0,0.0,0.0,0.0,0.0,0.0,0.0,0.0,0.0,0.0,0.0,0.0,0.0,0.0,2.5,0.0,0.0,0.0,0.0,0.0,0.0,5.0,0.0,0.0,0.0,0.0
292,0,0,0,0,0,0,1,0,0,0,0,0,0,0,0,0,0,0,0,0,0,0,0,0,0,3,0,0,2,0,0,0,0.0,0.0,0.0,0.0,0.0,0.0,0.0,0.0,0.0,0.0,0.0,0.0,0.0,0.0,0.0,0.0,0.3809523809523786,0.0,0.0,0.0,0.0,0.0,-0.3333333333333357,0.0,0.0,0.0,0.0,0.0
293,0,0,0,0,0,1,0,0,0,0,0,0,0,0,0,0,0,0,0,0,0,0,0,0,0,0,0,0,2,0,0,0,0.0,0.0,0.0,0.0,0.0,0.0,0.0,0.0,0.0,0.0,0.0,0.0,0.0,0.0,0.0,0.0,2.375,0.0,0.0,0.0,0.0,0.0,7.5,5.0,0.0,0.0,0.0,0.0
294,0,0,0,0,0,1,0,0,0,0,0,0,0,0,0,0,0,0,0,0,0,0,0,0,3,0,0,0,2,0,0,0,0.0,0.0,0.0,0.0,0.0,0.0,0.0,0.0,0.0,0.0,0.0,0.0,0.0,0.0,0.0,0.0,-10.0,0.0,0.0,-10.0,0.0,0.0,0.0,-3.333333333333332,0.0,0.0,0.0,0.0
295,0,0,0,0,1,0,0,0,0,0,0,0,0,0,0,0,0,0,0,0,0,0,0,0,0,0,0,0,0,0,0,0,0.0,0.0,0.0,0.0,0.0,0.0,0.0,0.0,0.0,0.0,0.0,0.0,0.0,0.0,0.0,0.0,5.0,0.0,0.0,0.0,0.0,15.0,0.0,0.0,0.0,0.0,10.0,0.0
296,0,0,0,0,1,0,0,0,0,0,0,0,0,0,0,0,0,0,0,0,0,0,0,0,0,0,0,0,2,0,0,0,0.0,0.0,0.0,0.0,0.0,0.0,0.0,0.0,0.0,0.0,0.0,0.0,0.0,0.0,0.0,0.0,2.1666666666666665,0.0,0.0,4.6875,0.0,0.0,0.0,5.0,0.0,0.0,0.0,0.0
297,0,0,0,0,1,0,0,0,0,0,0,0,0,0,0,0,0,0,0,0,0,0,0,2,3,0,0,0,0,0,0,0,0.0,0.0,0.0,0.0,0.0,0.0,0.0,0.0,0.0,0.0,0.0,0.0,0.0,0.0,0.0,0.0,-3.666666666666668,0.0,0.0,0.0,0.0,0.0,0.0,0.0,0.0,0.0,0.0,0.0
298,0,0,0,1,0,0,0,0,0,0,0,0,0,0,0,0,0,0,0,0,0,0,0,0,0,0,0,0,0,0,0,0,0.0,0.0,0.0,0.0,0.0,0.0,0.0,0.0,0.0,0.0,0.0,0.0,0.0,0.0,0.0,0.0,5.0,0.0,0.0,0.0,0.0,0.0,0.0,0.0,0.0,0.0,10.0,0.0
299,0,0,0,1,0,0,0,0,0,0,0,0,0,0,0,0,0,0,0,0,0,0,0,0,0,0,0,0,2,0,0,0,0.0,0.0,0.0,0.0,0.0,0.0,0.0,0.0,0.0,0.0,0.0,0.0,0.0,0.0,0.0,0.0,2.3214285714285716,0.0,0.0,1.0,0.0,-1.25,0.0,0.0,0.0,0.0,0.0,0.0
300,0,0,1,0,0,0,0,0,0,0,0,0,0,0,0,0,0,0,0,0,0,0,0,0,0,0,0,0,2,0,0,0,0.0,0.0,0.0,0.0,0.0,0.0,0.0,0.0,0.0,0.0,0.0,0.0,0.0,0.0,0.0,0.0,-1.6666666666666667,0.0,-10.0,-10.0,0.0,-10.0,-3.0,0.0,0.0,0.0,0.0,0.0
301,0,1,0,0,0,0,0,0,0,0,0,0,0,0,0,0,0,0,0,0,0,0,0,0,0,0,0,0,2,0,0,0,0.0,0.0,0.0,0.0,0.0,0.0,0.0,0.0,0.0,0.0,0.0,0.0,0.0,0.0,0.0,0.0,0.6944444444444444,0.0,0.0,0.0,0.0,0.0,0.0,5.0,0.0,0.0,0.0,0.0
302,1,0,0,0,0,0,0,0,0,0,0,0,0,0,0,0,0,0,0,0,0,0,0,0,0,0,0,0,2,0,0,0,0.0,0.0,0.0,0.0,0.0,0.0,0.0,0.0,0.0,0.0,0.0,0.0,0.0,0.0,0.0,0.0,2.1875,0.0,0.0,0.0,0.0,0.0,0.0,4.5,0.0,0.0,0.0,0.0
303,0,0,0,0,0,0,0,0,0,0,0,0,0,0,0,0,0,0,0,0,0,3,0,0,4,2,0,0,5,0,0,0,0.0,0.0,0.0,0.0,0.0,0.0,0.0,0.0,0.0,0.0,0.0,0.0,0.0,0.0,0.0,0.0,0.0,-10.0,0.0,0.0,0.0,-10.0,0.0,0.0,0.0,0.0,0.0,0.0
304,0,0,0,0,0,0,0,0,0,0,0,0,0,0,0,0,0,0,2,0,0,3,0,0,0,4,0,0,5,0,0,0,0.0,0.0,0.0,0.0,0.0,0.0,0.0,0.0,0.0,0.0,0.0,0.0,0.0,0.0,0.0,0.0,0.0,-1.6000000000000014,0.0,0.0,0.0,0.0,0.0,0.0,0.0,0.0,0.0,0.0
305,0,0,0,0,0,0,0,0,0,0,0,0,0,0,0,0,0,0,3,0,2,0,0,0,4,0,0,0,5,0,0,0,0.0,0.0,0.0,0.0,0.0,0.0,0.0,0.0,0.0,0.0,0.0,0.0,0.0,0.0,0.0,0.0,0.0,-5.0,0.0,-10.0,-10.0,0.0,0.0,0.0,0.0,0.0,0.0,0.0
306,0,0,0,0,0,0,0,0,0,0,0,0,0,0,0,0,0,0,4,0,3,2,0,0,0,0,1,0,5,0,0,0,0.0,0.0,0.0,0.0,0.0,0.0,0.0,0.0,0.0,0.0,0.0,0.0,0.0,0.0,0.0,0.0,0.0,-10.0,0.0,0.0,-10.0,-10.0,-10.0,-0.2000000000000028,0.0,0.0,0.0,0.0
307,0,0,0,0,0,0,0,0,0,0,0,0,0,0,1,0,0,0,2,0,0,0,0,0,0,0,0,0,0,0,0,0,0.0,0.0,0.0,0.0,0.0,0.0,0.0,0.0,0.0,0.0,0.0,0.0,0.0,0.0,0.0,0.0,0.0,-10.0,-10.0,-10.0,-10.0,-10.0,-0.08333333333333333,0.0,0.0,0.0,-10.0,0.0
308,0,0,0,0,0,0,0,0,0,0,0,0,0,0,0,0,0,0,2,0,0,0,0,0,0,0,0,0,0,0,0,0,0.0,0.0,0.0,0.0,0.0,0.0,0.0,0.0,0.0,0.0,0.0,0.0,0.0,0.0,0.0,0.0,0.0,0.0,5.0,5.0,0.0,0.0,0.0,0.0,0.0,0.0,0.0,0.0
309,0,0,0,0,0,0,0,0,0,0,0,0,0,0,0,0,0,0,2,0,0,0,0,0,0,0,0,1,0,0,0,0,0.0,0.0,0.0,0.0,0.0,0.0,0.0,0.0,0.0,0.0,0.0,0.0,0.0,0.0,0.0,0.0,0.0,0.0,4.583333333333333,4.375,0.0,0.0,0.0,0.0,0.0,0.0,0.0,0.0
310,0,0,0,0,0,0,0,0,0,0,0,0,0,0,0,0,0,0,2,0,0,0,0,0,0,0,1,0,0,0,0,0,0.0,0.0,0.0,0.0,0.0,0.0,0.0,0.0,0.0,0.0,0.0,0.0,0.0,0.0,0.0,0.0,0.0,0.0,5.0,5.0,0.0,0.0,0.0,0.0,0.0,0.0,0.0,0.0
311,0,0,0,0,0,0,0,0,0,0,0,0,0,0,0,0,0,0,2,0,0,3,0,0,0,0,1,0,0,0,0,0,0.0,0.0,0.0,0.0,0.0,0.0,0.0,0.0,0.0,0.0,0.0,0.0,0.0,0.0,0.0,0.0,0.0,0.0,3.333333333333332,0.0,0.0,0.0,0.0,0.0,0.0,0.0,3.333333333333332,0.0
312,0,0,0,0,0,0,0,0,0,0,0,0,0,0,0,0,0,0,2,0,0,3,0,0,0,0,1,0,4,0,0,0,0.0,0.0,0.0,0.0,0.0,0.0,0.0,0.0,0.0,0.0,0.0,0.0,0.0,0.0,0.0,0.0,0.0,0.0,1.0,0.0,0.0,0.0,0.0,0.0,0.0,0.0,0.0,0.0
313,0,0,0,0,0,0,0,0,0,0,0,0,0,0,0,0,0,0,3,0,0,2,0,0,0,0,1,0,4,0,0,0,0.0,0.0,0.0,0.0,0.0,0.0,0.0,0.0,0.0,0.0,0.0,0.0,0.0,0.0,0.0,0.0,0.0,0.0,-0.5,0.0,0.0,0.0,0.0,0.0,0.0,0.0,0.0,0.0
314,0,0,0,0,0,0,0,0,0,0,0,0,0,0,0,0,0,0,4,0,0,2,0,0,0,0,1,0,3,0,0,0,0.0,0.0,0.0,0.0,0.0,0.0,0.0,0.0,0.0,0.0,0.0,0.0,0.0,0.0,0.0,0.0,0.0,0.0,-0.875,0.0,0.0,0.0,0.0,0.0,0.0,0.0,0.0,0.0
315,0,0,0,0,0,0,0,0,0,0,0,0,0,0,0,0,0,0,5,0,0,0,0,4,3,0,0,0,2,0,0,0,0.0,0.0,0.0,0.0,0.0,0.0,0.0,0.0,0.0,0.0,0.0,0.0,0.0,0.0,0.0,0.0,0.0,0.0,-10.0,-10.0,0.0,0.0,0.0,-0.3999999999999986,0.0,0.0,0.0,0.0
316,0,0,0,0,0,0,0,0,0,0,0,0,0,0,0,0,0,1,4,0,0,5,0,0,0,6,0,0,2,0,0,0,0.0,0.0,0.0,0.0,0.0,0.0,0.0,0.0,0.0,0.0,0.0,0.0,0.0,0.0,0.0,0.0,0.0,0.0,1.6666666666666643,0.0,0.0,0.0,2.5,0.0,0.0,-10.0,0.0,0.0
317,0,0,0,0,0,0,0,0,0,0,0,0,0,0,0,0,0,1,4,0,0,5,0,0,7,6,0,0,2,0,0,0,0.0,0.0,0.0,0.0,0.0,0.0,0.0,0.0,0.0,0.0,0.0,0.0,0.0,0.0,0.0,0.0,0.0,0.0,-0.8928571428571388,0.0,0.0,0.0,0.0,0.0,0.0,0.0,0.0,0.0
318,0,0,0,0,0,0,0,0,0,0,0,0,0,0,0,0,0,1,4,0,0,6,0,0,0,7,0,5,2,0,0,0,0.0,0.0,0.0,0.0,0.0,0.0,0.0,0.0,0.0,0.0,0.0,0.0,0.0,0.0,0.0,0.0,0.0,0.0,-10.0,0.0,0.0,-10.0,1.5,0.0,0.0,0.0,0.0,0.0
319,0,0,0,0,0,0,0,0,0,0,0,0,0,0,0,0,0,1,4,0,0,7,0,0,0,5,0,6,2,0,0,0,0.0,0.0,0.0,0.0,0.0,0.0,0.0,0.0,0.0,0.0,0.0,0.0,0.0,0.0,0.0,0.0,0.0,0.0,-10.0,0.0,0.0,-10.0,2.321428571428571,0.0,0.0,0.0,0.0,0.0
320,0,0,0,0,0,0,0,0,0,0,0,0,0,0,0,0,0,1,5,0,0,4,0,0,0,7,0,6,2,0,0,0,0.0,0.0,0.0,0.0,0.0,0.0,0.0,0.0,0.0,0.0,0.0,0.0,0.0,0.0,0.0,0.0,0.0,0.0,-10.0,0.0,0.0,-10.0,-1.5714285714285694,0.0,0.0,0.0,0.0,0.0
321,0,0,0,0,0,0,0,0,0,0,0,0,0,0,0,0,0,1,5,0,0,4,0,0,7,6,0,0,2,0,0,0,0.0,0.0,0.0,0.0,0.0,0.0,0.0,0.0,0.0,0.0,0.0,0.0,0.0,0.0,0.0,0.0,0.0,0.0,-0.4285714285714235,0.0,0.0,-10.0,0.0,0.0,0.0,0.0,0.0,0.0
322,0,0,0,0,0,0,0,0,0,0,0,0,0,0,0,0,1,0,0,0,0,0,0,2,0,0,0,0,3,0,0,0,0.0,0.0,0.0,0.0,0.0,0.0,0.0,0.0,0.0,0.0,0.0,0.0,0.0,0.0,0.0,0.0,0.0,0.0,-4.666666666666668,0.0,0.0,0.0,0.0,0.0,0.0,0.0,0.0,0.0
323,0,0,0,0,0,0,0,0,0,0,0,0,0,0,0,0,1,0,2,0,0,4,0,0,0,0,0,0,3,0,0,0,0.0,0.0,0.0,0.0,0.0,0.0,0.0,0.0,0.0,0.0,0.0,0.0,0.0,0.0,0.0,0.0,0.0,0.0,-10.0,0.0,-10.0,-10.0,0.0,0.75,0.0,0.0,0.0,0.0
324,0,0,0,0,0,0,0,0,0,0,0,0,0,0,0,0,1,0,3,0,0,0,0,0,0,0,0,0,2,0,0,0,0.0,0.0,0.0,0.0,0.0,0.0,0.0,0.0,0.0,0.0,0.0,0.0,0.0,0.0,0.0,0.0,0.0,0.0,2.833333333333336,0.0,0.0,0.0,0.0,0.0,0.0,0.0,0.0,0.0
325,0,0,0,0,0,0,0,0,0,0,0,0,0,0,0,0,1,0,3,0,0,2,0,0,0,0,0,0,4,0,0,0,0.0,0.0,0.0,0.0,0.0,0.0,0.0,0.0,0.0,0.0,0.0,0.0,0.0,0.0,0.0,0.0,0.0,0.0,-10.0,0.0,0.0,-10.0,-10.0,-2.5,0.0,0.0,0.0,0.0
326,0,0,0,0,0,0,0,0,0,0,0,0,0,0,0,0,1,0,4,0,0,2,0,0,0,0,0,0,3,0,0,0,0.0,0.0,0.0,0.0,0.0,0.0,0.0,0.0,0.0,0.0,0.0,0.0,0.0,0.0,0.0,0.0,0.0,0.0,-10.0,0.0,0.0,-10.0,-10.0,-3.625,0.0,0.0,0.0,0.0
327,0,0,0,0,0,0,0,0,0,0,0,0,0,0,0,1,0,0,2,0,0,0,0,0,0,0,0,0,0,0,0,0,0.0,0.0,0.0,0.0,0.0,0.0,0.0,0.0,0.0,0.0,0.0,0.0,0.0,0.0,0.0,0.0,0.0,0.0,5.0,4.6875,0.0,0.0,0.0,0.0,0.0,0.0,0.0,0.0
328,0,0,0,0,0,0,0,0,0,0,0,0,0,1,0,0,0,0,2,0,0,0,0,0,0,0,0,0,0,0,0,0,0.0,0.0,0.0,0.0,0.0,0.0,0.0,0.0,0.0,0.0,0.0,0.0,0.0,0.0,0.0,0.0,0.0,0.0,2.0,-10.0,0.0,0.0,0.0,0.0,0.0,0.0,2.0,0.0
329,0,0,0,0,0,0,0,0,0,0,0,0,1,0,0,0,0,0,2,0,0,0,0,0,0,0,0,0,0,0,0,0,0.0,0.0,0.0,0.0,0.0,0.0,0.0,0.0,0.0,0.0,0.0,0.0,0.0,0.0,0.0,0.0,0.0,0.0,-10.0,-10.0,0.0,-10.0,-10.0,-1.25,0.0,0.0,-10.0,0.0
330,0,0,0,0,0,0,0,0,0,0,0,1,0,0,0,0,0,0,3,0,0,0,0,0,0,4,0,0,2,0,0,0,0.0,0.0,0.0,0.0,0.0,0.0,0.0,0.0,0.0,0.0,0.0,0.0,0.0,0.0,0.0,0.0,0.0,0.0,0.5,-10.0,0.0,-10.0,2.85,0.0,0.0,0.0,0.0,0.0
331,0,0,0,0,1,0,0,0,0,0,0,0,0,0,0,0,0,0,0,0,0,0,0,0,0,3,0,0,2,0,0,0,0.0,0.0,0.0,0.0,0.0,0.0,0.0,0.0,0.0,0.0,0.0,0.0,0.0,0.0,0.0,0.0,0.0,0.0,-1.3333333333333357,0.0,0.0,-10.0,3.666666666666664,0.0,0.0,0.0,0.0,0.0
332,0,0,0,0,1,0,0,0,0,0,0,0,0,0,0,0,0,0,2,0,0,0,0,0,0,0,0,0,3,0,0,0,0.0,0.0,0.0,0.0,0.0,0.0,0.0,0.0,0.0,0.0,0.0,0.0,0.0,0.0,0.0,0.0,0.0,0.0,0.3333333333333321,-10.0,0.0,-10.0,0.0,0.0,0.0,0.0,0.0,0.0
333,0,0,0,1,0,0,0,0,0,0,0,0,0,0,0,0,0,0,2,0,0,0,0,0,3,0,0,0,0,0,0,0,0.0,0.0,0.0,0.0,0.0,0.0,0.0,0.0,0.0,0.0,0.0,0.0,0.0,0.0,0.0,0.0,0.0,0.0,-10.0,-10.0,0.0,-10.0,0.0,-0.6666666666666679,0.0,0.0,-10.0,0.0
334,0,0,0,1,0,0,0,0,0,0,0,0,0,0,0,0,0,0,3,0,0,0,0,0,0,0,0,0,2,0,0,0,0.0,0.0,0.0,0.0,0.0,0.0,0.0,0.0,0.0,0.0,0.0,0.0,0.0,0.0,0.0,0.0,0.0,0.0,-10.0,-10.0,0.0,-10.0,-10.0,-2.3809523809523805,0.0,0.0,0.0,0.0
335,0,0,0,0,0,0,0,0,0,0,0,0,0,0,0,0,0,0,0,0,0,0,0,0,0,2,0,0,0,0,0,0,0.0,0.0,0.0,0.0,0.0,0.0,0.0,0.0,0.0,0.0,0.0,0.0,0.0,0.0,0.0,0.0,0.0,0.0,0.0,5.0,0.0,0.0,0.0,0.0,0.0,0.0,0.0,0.0
336,0,0,0,0,0,0,0,0,0,0,0,0,0,0,0,0,0,0,2,0,3,0,0,0,0,0,1,0,0,0,0,0,0.0,0.0,0.0,0.0,0.0,0.0,0.0,0.0,0.0,0.0,0.0,0.0,0.0,0.0,0.0,0.0,0.0,0.0,0.0,3.333333333333332,0.0,0.0,0.0,0.0,0.0,0.0,3.333333333333332,0.0
337,0,0,0,0,0,0,0,0,0,0,0,0,0,0,0,0,0,0,2,0,3,0,0,0,0,0,1,0,4,0,0,0,0.0,0.0,0.0,0.0,0.0,0.0,0.0,0.0,0.0,0.0,0.0,0.0,0.0,0.0,0.0,0.0,0.0,0.0,0.0,-3.125,0.0,0.0,0.0,0.0,0.0,0.0,0.0,0.0
338,0,0,0,0,0,0,0,0,0,0,0,0,0,0,0,0,0,1,4,0,0,0,0,0,0,0,0,0,2,0,0,0,0.0,0.0,0.0,0.0,0.0,0.0,0.0,0.0,0.0,0.0,0.0,0.0,0.0,0.0,0.0,0.0,0.0,0.0,0.0,2.5,0.0,0.0,0.0,2.5,0.0,2.5,0.0,0.0
339,0,0,0,0,0,0,0,0,0,0,0,0,0,0,0,0,0,1,4,0,0,0,0,0,0,0,0,5,2,0,0,0,0.0,0.0,0.0,0.0,0.0,0.0,0.0,0.0,0.0,0.0,0.0,0.0,0.0,0.0,0.0,0.0,0.0,0.0,0.0,1.1999999999999993,0.0,0.0,0.0,0.0,0.0,0.0,0.0,0.0
340,0,0,0,0,0,0,0,0,0,0,0,0,0,0,0,0,0,1,4,0,0,0,0,0,0,5,0,6,2,0,0,0,0.0,0.0,0.0,0.0,0.0,0.0,0.0,0.0,0.0,0.0,0.0,0.0,0.0,0.0,0.0,0.0,0.0,0.0,0.0,-1.6666666666666679,0.0,0.0,0.0,0.0,0.0,0.0,0.0,0.0
341,0,0,0,0,0,0,0,0,0,0,0,0,0,0,0,0,1,0,2,0,0,0,0,0,0,0,0,0,3,0,0,0,0.0,0.0,0.0,0.0,0.0,0.0,0.0,0.0,0.0,0.0,0.0,0.0,0.0,0.0,0.0,0.0,0.0,0.0,0.0,1.333333333333332,0.0,0.0,5.0,0.0,0.0,0.0,0.0,0.0
342,0,0,0,0,0,0,0,0,0,0,0,0,0,0,0,0,1,0,2,0,0,0,0,0,4,0,0,0,3,0,0,0,0.0,0.0,0.0,0.0,0.0,0.0,0.0,0.0,0.0,0.0,0.0,0.0,0.0,0.0,0.0,0.0,0.0,0.0,0.0,-10.0,-10.0,-10.0,0.0,0.25,0.0,0.0,0.0,0.0
343,0,0,0,0,0,0,0,0,0,0,0,0,0,0,0,1,0,0,2,0,3,0,0,0,0,0,0,0,0,0,0,0,0.0,0.0,0.0,0.0,0.0,0.0,0.0,0.0,0.0,0.0,0.0,0.0,0.0,0.0,0.0,0.0,0.0,0.0,0.0,-10.0,0.0,0.0,0.0,0.0,0.0,0.0,-2.5,0.0
344,0,0,0,0,0,0,0,0,0,0,0,1,0,0,0,0,0,0,3,0,0,0,0,0,0,0,0,0,2,0,0,0,0.0,0.0,0.0,0.0,0.0,0.0,0.0,0.0,0.0,0.0,0.0,0.0,0.0,0.0,0.0,0.0,0.0,0.0,0.0,1.833333333333336,0.0,0.0,5.0,3.333333333333336,0.0,0.0,0.0,0.0
345,0,0,0,0,0,0,0,0,0,0,0,1,0,0,0,0,0,0,3,0,0,0,0,0,4,0,0,0,2,0,0,0,0.0,0.0,0.0,0.0,0.0,0.0,0.0,0.0,0.0,0.0,0.0,0.0,0.0,0.0,0.0,0.0,0.0,0.0,0.0,-10.0,0.0,0.0,0.0,1.9375,0.0,0.0,0.0,0.0
346,0,0,0,0,0,0,0,5,0,0,0,0,0,0,0,0,0,6,4,0,0,0,0,0,0,1,0,0,3,0,0,0,0.0,0.0,0.0,0.0,0.0,0.0,0.0,0.0,0.0,0.0,0.0,0.0,0.0,0.0,0.0,0.0,0.0,0.0,0.0,1.666666666666668,0.0,0.0,0.0,0.0,0.0,0.0,0.0,0.0
347,0,0,0,0,0,0,5,6,0,0,0,0,0,0,0,0,0,0,4,0,0,0,0,0,0,1,0,0,3,0,0,0,0.0,0.0,0.0,0.0,0.0,0.0,0.0,0.0,0.0,0.0,0.0,0.0,0.0,0.0,0.0,0.0,0.0,0.0,0.0,-0.75,0.0,0.0,0.0,0.0,0.0,0.0,0.0,0.0
348,0,0,0,0,0,1,0,0,0,0,0,0,0,0,0,0,0,0,0,0,0,0,0,0,0,3,0,0,2,0,0,0,0.0,0.0,0.0,0.0,0.0,0.0,0.0,0.0,0.0,0.0,0.0,0.0,0.0,0.0,0.0,0.0,0.0,0.0,0.0,-10.0,0.0,0.0,0.33333333333333215,0.0,0.0,0.0,0.0,0.0
349,0,0,0,0,0,1,0,0,0,0,0,0,0,0,0,0,0,0,3,0,0,0,0,0,0,0,0,0,2,0,0,0,0.0,0.0,0.0,0.0,0.0,0.0,0.0,0.0,0.0,0.0,0.0,0.0,0.0,0.0,0.0,0.0,0.0,0.0,0.0,-10.0,0.0,0.0,0.3333333333333335,1.0000000000000024,0.0,0.0,0.0,0.0
350,0,0,0,0,1,0,0,0,0,0,0,0,0,0,0,0,0,0,2,0,0,0,0,0,0,0,0,0,0,0,0,0,0.0,0.0,0.0,0.0,0.0,0.0,0.0,0.0,0.0,0.0,0.0,0.0,0.0,0.0,0.0,0.0,0.0,0.0,0.0,5.0,0.0,0.0,0.0,0.0,0.0,0.0,5.0,0.0
351,0,0,0,0,1,0,0,0,0,0,0,0,0,0,0,0,0,0,3,0,0,0,0,0,0,0,0,0,2,0,0,0,0.0,0.0,0.0,0.0,0.0,0.0,0.0,0.0,0.0,0.0,0.0,0.0,0.0,0.0,0.0,0.0,0.0,0.0,0.0,-10.0,0.0,0.0,5.0,2.333333333333334,0.0,0.0,0.0,0.0
352,0,0,0,0,0,0,0,0,0,0,0,0,0,0,0,0,0,0,0,0,2,0,0,3,0,0,0,0,0,0,0,0,0.0,0.0,0.0,0.0,0.0,0.0,0.0,0.0,0.0,0.0,0.0,0.0,0.0,0.0,0.0,0.0,0.0,0.0,0.0,0.0,-1.666666666666668,0.0,0.0,0.0,0.0,0.0,0.0,0.0
353,0,0,0,0,0,0,0,0,0,0,0,0,0,0,0,0,0,0,4,0,0,2,0,5,0,3,0,0,0,0,0,0,0.0,0.0,0.0,0.0,0.0,0.0,0.0,0.0,0.0,0.0,0.0,0.0,0.0,0.0,0.0,0.0,0.0,0.0,0.0,0.0,-10.0,0.0,0.0,0.0,0.0,0.0,0.0,0.0
354,0,0,0,0,0,0,0,0,0,0,0,0,0,0,0,0,0,0,0,0,0,0,0,0,2,0,0,0,0,0,0,0,0.0,0.0,0.0,0.0,0.0,0.0,0.0,0.0,0.0,0.0,0.0,0.0,0.0,0.0,0.0,0.0,0.0,0.0,0.0,0.0,0.0,7.5,0.0,0.0,0.0,0.0,0.0,0.0
355,0,0,0,0,0,0,0,0,0,0,0,0,0,0,0,0,0,0,0,0,0,0,0,0,3,0,0,0,2,0,0,0,0.0,0.0,0.0,0.0,0.0,0.0,0.0,0.0,0.0,0.0,0.0,0.0,0.0,0.0,0.0,0.0,0.0,0.0,0.0,0.0,0.0,5.0,0.0,0.0,0.0,0.0,0.0,0.0
356,0,0,0,0,0,0,0,0,0,0,0,0,0,0,0,0,0,0,0,0,0,2,0,0,0,0,0,0,0,0,0,0,0.0,0.0,0.0,0.0,0.0,0.0,0.0,0.0,0.0,0.0,0.0,0.0,0.0,0.0,0.0,0.0,0.0,0.0,0.0,0.0,0.0,7.5,0.0,5.0,0.0,0.0,5.0,0.0
357,0,0,0,0,0,0,0,0,0,0,0,0,0,0,0,0,0,0,0,0,0,2,0,0,0,4,0,0,3,0,0,0,0.0,0.0,0.0,0.0,0.0,0.0,0.0,0.0,0.0,0.0,0.0,0.0,0.0,0.0,0.0,0.0,0.0,0.0,0.0,0.0,0.0,1.5,0.0,0.0,0.0,0.0,0.0,0.0
358,0,0,0,0,0,0,0,0,0,0,0,0,0,0,0,0,0,0,2,0,3,0,0,0,0,0,0,0,0,0,0,0,0.0,0.0,0.0,0.0,0.0,0.0,0.0,0.0,0.0,0.0,0.0,0.0,0.0,0.0,0.0,0.0,0.0,0.0,0.0,0.0,0.0,5.000000000000002,0.0,0.0,0.0,0.0,0.0,0.0
359,0,0,0,0,0,0,0,0,0,0,0,0,0,0,0,0,0,0,3,0,2,0,0,0,0,0,0,0,0,0,0,0,0.0,0.0,0.0,0.0,0.0,0.0,0.0,0.0,0.0,0.0,0.0,0.0,0.0,0.0,0.0,0.0,0.0,0.0,0.0,0.0,0.0,4.999999999999998,4.999999999999998,0.0,0.0,0.0,0.0,0.0
360,0,0,0,0,0,0,0,0,0,0,0,0,0,0,0,0,0,0,4,0,0,2,0,0,0,3,0,0,0,0,0,0,0.0,0.0,0.0,0.0,0.0,0.0,0.0,0.0,0.0,0.0,0.0,0.0,0.0,0.0,0.0,0.0,0.0,0.0,0.0,0.0,0.0,1.75,0.0,0.0,0.0,0.0,0.0,0.0
361,0,0,0,0,0,0,0,0,0,0,0,0,0,0,0,0,0,0,5,0,2,0,0,0,4,0,0,0,3,0,0,0,0.0,0.0,0.0,0.0,0.0,0.0,0.0,0.0,0.0,0.0,0.0,0.0,0.0,0.0,0.0,0.0,0.0,0.0,0.0,0.0,0.0,-10.0,0.0,2.0,0.0,0.0,0.0,0.0
362,0,0,0,0,0,0,0,0,0,0,0,0,0,0,0,0,1,0,0,0,2,0,0,0,3,0,0,0,0,0,0,0,0.0,0.0,0.0,0.0,0.0,0.0,0.0,0.0,0.0,0.0,0.0,0.0,0.0,0.0,0.0,0.0,0.0,0.0,0.0,0.0,0.0,-2.5,0.0,0.0,0.0,0.0,0.0,0.0
363,0,0,0,0,0,0,0,0,0,0,0,0,0,0,0,0,1,0,3,0,4,0,0,0,0,0,0,0,2,0,0,0,0.0,0.0,0.0,0.0,0.0,0.0,0.0,0.0,0.0,0.0,0.0,0.0,0.0,0.0,0.0,0.0,0.0,0.0,0.0,0.0,0.0,-10.0,-2.8125,0.0,0.0,0.0,0.0,0.0
364,0,0,0,0,0,0,0,0,0,0,0,1,0,0,0,0,0,0,3,0,0,4,0,0,0,0,0,0,2,0,0,0,0.0,0.0,0.0,0.0,0.0,0.0,0.0,0.0,0.0,0.0,0.0,0.0,0.0,0.0,0.0,0.0,0.0,0.0,0.0,0.0,0.0,-10.0,-2.25,0.5,0.0,0.0,0.0,0.0
365,0,0,0,0,1,0,0,0,0,0,0,0,0,0,0,0,0,0,0,0,0,3,0,0,0,0,0,0,2,0,0,0,0.0,0.0,0.0,0.0,0.0,0.0,0.0,0.0,0.0,0.0,0.0,0.0,0.0,0.0,0.0,0.0,0.0,0.0,0.0,0.0,0.0,-10.0,1.833333333333332,-1.1842378929335002e-15,0.0,0.0,0.0,0.0
366,0,0,0,0,0,0,0,0,0,0,0,0,0,0,0,0,0,0,0,0,0,0,0,0,0,0,0,0,2,0,0,0,0.0,0.0,0.0,0.0,0.0,0.0,0.0,0.0,0.0,0.0,0.0,0.0,0.0,0.0,0.0,0.0,0.0,0.0,0.0,0.0,0.0,0.0,7.5,0.0,0.0,0.0,0.0,0.0
367,0,0,0,0,0,0,0,0,0,0,0,0,0,0,0,0,0,0,0,0,0,3,0,0,0,2,0,0,0,0,0,0,0.0,0.0,0.0,0.0,0.0,0.0,0.0,0.0,0.0,0.0,0.0,0.0,0.0,0.0,0.0,0.0,0.0,0.0,0.0,0.0,0.0,0.0,5.0,0.0,0.0,0.0,0.0,0.0
368,0,0,0,0,0,0,0,0,0,0,0,0,0,0,0,0,0,0,0,0,2,0,0,0,0,0,0,0,3,0,0,0,0.0,0.0,0.0,0.0,0.0,0.0,0.0,0.0,0.0,0.0,0.0,0.0,0.0,0.0,0.0,0.0,0.0,0.0,0.0,0.0,0.0,0.0,5.0,0.0,0.0,0.0,0.0,0.0
369,0,0,0,0,0,0,0,0,0,0,0,0,0,0,0,0,0,0,3,0,2,0,0,4,0,5,0,0,0,0,0,0,0.0,0.0,0.0,0.0,0.0,0.0,0.0,0.0,0.0,0.0,0.0,0.0,0.0,0.0,0.0,0.0,0.0,0.0,0.0,0.0,0.0,0.0,0.8000000000000007,0.0,0.0,0.0,0.0,0.0
370,0,0,0,0,0,0,0,0,0,0,0,0,0,0,0,0,0,1,4,0,0,5,0,0,0,7,0,6,2,0,0,0,0.0,0.0,0.0,0.0,0.0,0.0,0.0,0.0,0.0,0.0,0.0,0.0,0.0,0.0,0.0,0.0,0.0,0.0,0.0,0.0,0.0,0.0,0.2857142857142847,0.0,0.0,0.0,0.0,0.0
371,0,0,0,0,0,0,0,0,0,0,0,0,0,0,0,0,0,1,4,0,7,5,0,0,0,6,0,0,2,0,0,0,0.0,0.0,0.0,0.0,0.0,0.0,0.0,0.0,0.0,0.0,0.0,0.0,0.0,0.0,0.0,0.0,0.0,0.0,0.0,0.0,0.0,0.0,2.1428571428571423,0.0,0.0,-10.0,0.0,0.0
372,0,0,0,0,0,0,0,0,0,0,0,0,0,0,0,0,0,1,5,0,0,4,0,0,0,6,0,0,2,0,0,0,0.0,0.0,0.0,0.0,0.0,0.0,0.0,0.0,0.0,0.0,0.0,0.0,0.0,0.0,0.0,0.0,0.0,0.0,0.0,0.0,0.0,0.0,2.5,0.0,0.0,-10.0,0.0,0.0
373,0,0,0,0,0,0,0,0,0,0,0,0,0,0,0,0,0,1,6,0,0,4,0,0,0,7,0,5,2,0,0,0,0.0,0.0,0.0,0.0,0.0,0.0,0.0,0.0,0.0,0.0,0.0,0.0,0.0,0.0,0.0,0.0,0.0,0.0,0.0,0.0,0.0,0.0,1.2142857142857153,0.0,0.0,0.0,0.0,0.0
374,0,0,0,0,0,0,0,0,0,0,0,0,0,0,0,0,1,0,0,0,0,3,0,0,0,0,0,0,2,0,0,0,0.0,0.0,0.0,0.0,0.0,0.0,0.0,0.0,0.0,0.0,0.0,0.0,0.0,0.0,0.0,0.0,0.0,0.0,0.0,0.0,0.0,0.0,5.0,0.0,0.0,0.0,0.0,0.0
375,0,0,0,0,0,0,0,0,0,0,0,0,0,0,0,0,1,0,0,0,2,0,0,0,0,0,0,0,0,0,0,0,0.0,0.0,0.0,0.0,0.0,0.0,0.0,0.0,0.0,0.0,0.0,0.0,0.0,0.0,0.0,0.0,0.0,0.0,0.0,0.0,0.0,0.0,7.5,0.0,0.0,0.0,0.0,0.0
376,0,0,0,0,0,0,0,0,0,0,0,0,0,0,0,0,7,1,6,0,0,4,0,0,0,5,0,0,2,0,0,0,0.0,0.0,0.0,0.0,0.0,0.0,0.0,0.0,0.0,0.0,0.0,0.0,0.0,0.0,0.0,0.0,0.0,0.0,0.0,0.0,0.0,0.0,1.928571428571427,0.0,0.0,0.0,0.0,0.0
377,0,0,0,0,0,0,0,0,0,0,0,1,0,0,0,0,0,0,4,0,0,0,0,0,0,3,0,0,2,0,0,0,0.0,0.0,0.0,0.0,0.0,0.0,0.0,0.0,0.0,0.0,0.0,0.0,0.0,0.0,0.0,0.0,0.0,0.0,0.0,0.0,0.0,0.0,3.75,0.0,0.0,0.0,0.0,0.0
378,0,0,0,0,0,0,0,0,0,0,1,0,0,0,0,0,0,6,5,0,0,0,0,0,0,4,0,0,2,0,0,0,0.0,0.0,0.0,0.0,0.0,0.0,0.0,0.0,0.0,0.0,0.0,0.0,0.0,0.0,0.0,0.0,0.0,0.0,0.0,0.0,0.0,0.0,-1.1388888888888893,0.0,0.0,0.0,0.0,0.0
379,0,0,0,0,1,0,0,0,0,0,0,0,0,0,0,0,0,0,0,0,0,0,0,2,0,0,0,0,0,0,0,0,0.0,0.0,0.0,0.0,0.0,0.0,0.0,0.0,0.0,0.0,0.0,0.0,0.0,0.0,0.0,0.0,0.0,0.0,0.0,0.0,0.0,0.0,7.5,0.0,0.0,0.0,0.0,0.0
380,0,0,0,1,0,0,0,0,0,0,0,0,0,0,0,0,0,0,2,0,0,0,0,0,0,0,0,0,0,0,0,0,0.0,0.0,0.0,0.0,0.0,0.0,0.0,0.0,0.0,0.0,0.0,0.0,0.0,0.0,0.0,0.0,0.0,0.0,0.0,0.0,0.0,0.0,7.5,0.0,0.0,0.0,0.0,0.0
381,0,0,0,0,0,0,0,0,0,0,0,0,0,0,0,0,0,0,0,0,0,0,0,3,2,0,0,0,0,0,0,0,0.0,0.0,0.0,0.0,0.0,0.0,0.0,0.0,0.0,0.0,0.0,0.0,0.0,0.0,0.0,0.0,0.0,0.0,0.0,0.0,0.0,0.0,0.0,3.333333333333332,0.0,0.0,0.0,0.0
382,0,0,0,0,0,0,0,0,0,0,0,0,0,0,0,0,0,0,0,0,0,2,0,0,0,0,0,0,3,0,0,0,0.0,0.0,0.0,0.0,0.0,0.0,0.0,0.0,0.0,0.0,0.0,0.0,0.0,0.0,0.0,0.0,0.0,0.0,0.0,0.0,0.0,0.0,0.0,3.333333333333332,0.0,0.0,0.0,0.0
383,0,0,0,0,0,0,0,0,0,0,0,0,0,0,0,0,0,0,0,0,0,2,0,3,0,0,0,0,4,0,0,0,0.0,0.0,0.0,0.0,0.0,0.0,0.0,0.0,0.0,0.0,0.0,0.0,0.0,0.0,0.0,0.0,0.0,0.0,0.0,0.0,0.0,0.0,0.0,1.375,0.0,0.0,0.0,0.0
384,0,0,0,0,0,0,0,0,0,0,0,0,0,0,0,0,0,0,2,0,0,3,0,0,0,0,0,0,0,0,0,0,0.0,0.0,0.0,0.0,0.0,0.0,0.0,0.0,0.0,0.0,0.0,0.0,0.0,0.0,0.0,0.0,0.0,0.0,0.0,0.0,0.0,0.0,0.0,3.333333333333334,0.0,0.0,0.0,0.0
385,0,0,0,0,0,0,0,0,0,0,0,0,0,0,0,0,0,0,3,0,2,0,0,4,0,0,0,0,0,0,0,0,0.0,0.0,0.0,0.0,0.0,0.0,0.0,0.0,0.0,0.0,0.0,0.0,0.0,0.0,0.0,0.0,0.0,0.0,0.0,0.0,0.0,0.0,0.0,2.5,0.0,0.0,0.0,0.0
386,0,0,0,0,0,0,0,0,0,0,0,0,0,0,0,0,0,0,5,1,0,0,0,0,0,0,0,4,2,0,0,0,0.0,0.0,0.0,0.0,0.0,0.0,0.0,0.0,0.0,0.0,0.0,0.0,0.0,0.0,0.0,0.0,0.0,0.0,0.0,0.0,0.0,0.0,0.0,-1.8000000000000007,0.0,0.0,0.0,0.0
387,0,0,0,0,0,0,0,0,0,0,0,0,0,0,0,0,0,1,4,0,0,5,0,0,0,0,0,0,2,0,0,0,0.0,0.0,0.0,0.0,0.0,0.0,0.0,0.0,0.0,0.0,0.0,0.0,0.0,0.0,0.0,0.0,0.0,0.0,0.0,0.0,0.0,0.0,0.0,2.0,0.0,-0.3999999999999986,0.0,0.0
388,0,0,0,0,0,0,0,0,0,0,0,0,0,0,0,0,0,1,4,0,0,5,0,0,0,0,0,6,2,0,0,0,0.0,0.0,0.0,0.0,0.0,0.0,0.0,0.0,0.0,0.0,0.0,0.0,0.0,0.0,0.0,0.0,0.0,0.0,0.0,0.0,0.0,0.0,0.0,3.666666666666664,0.0,0.0,0.0,0.0
389,0,0,0,0,0,0,0,0,0,0,0,0,0,0,0,0,0,1,4,0,0,6,0,0,0,0,0,5,2,0,0,0,0.0,0.0,0.0,0.0,0.0,0.0,0.0,0.0,0.0,0.0,0.0,0.0,0.0,0.0,0.0,0.0,0.0,0.0,0.0,0.0,0.0,0.0,0.0,2.333333333333336,0.0,0.0,0.0,0.0
390,0,0,0,0,0,0,0,0,0,0,0,0,0,0,0,0,0,1,5,0,0,4,0,0,0,0,0,0,2,0,0,0,0.0,0.0,0.0,0.0,0.0,0.0,0.0,0.0,0.0,0.0,0.0,0.0,0.0,0.0,0.0,0.0,0.0,0.0,0.0,0.0,0.0,0.0,0.0,2.0,0.0,-0.3999999999999986,0.0,0.0
391,0,0,0,0,0,0,0,0,0,0,0,0,0,0,0,0,0,1,5,0,0,4,0,0,0,0,0,6,2,0,0,0,0.0,0.0,0.0,0.0,0.0,0.0,0.0,0.0,0.0,0.0,0.0,0.0,0.0,0.0,0.0,0.0,0.0,0.0,0.0,0.0,0.0,0.0,0.0,3.666666666666668,0.0,0.0,0.0,0.0
392,0,0,0,0,0,0,0,0,0,0,0,0,0,0,0,0,0,1,6,0,0,4,0,0,0,0,0,5,2,0,0,0,0.0,0.0,0.0,0.0,0.0,0.0,0.0,0.0,0.0,0.0,0.0,0.0,0.0,0.0,0.0,0.0,0.0,0.0,0.0,0.0,0.0,0.0,0.0,1.666666666666668,0.0,0.0,0.0,0.0
393,0,0,0,0,0,0,0,0,0,0,0,0,0,0,0,0,5,6,1,0,0,0,0,0,0,0,0,4,3,0,0,0,0.0,0.0,0.0,0.0,0.0,0.0,0.0,0.0,0.0,0.0,0.0,0.0,0.0,0.0,0.0,0.0,0.0,0.0,0.0,0.0,0.0,0.0,0.0,2.083333333333332,0.0,0.0,0.0,0.0
394,0,0,0,0,0,0,0,0,0,0,0,1,0,0,0,0,0,0,4,0,0,3,0,0,0,0,0,0,2,0,0,0,0.0,0.0,0.0,0.0,0.0,0.0,0.0,0.0,0.0,0.0,0.0,0.0,0.0,0.0,0.0,0.0,0.0,0.0,0.0,0.0,0.0,0.0,0.0,-1.5,0.0,0.0,0.0,0.0
395,0,0,0,0,0,0,0,0,0,0,1,0,0,0,0,0,0,0,0,0,0,0,0,0,0,0,0,0,2,0,0,0,0.0,0.0,0.0,0.0,0.0,0.0,0.0,0.0,0.0,0.0,0.0,0.0,0.0,0.0,0.0,0.0,0.0,0.0,0.0,0.0,0.0,0.0,0.0,3.3333333333333326,0.0,-8.75,0.0,0.0
396,0,0,0,0,0,0,0,0,0,0,1,0,0,0,0,0,0,0,0,0,0,0,0,0,0,0,0,3,2,0,0,0,0.0,0.0,0.0,0.0,0.0,0.0,0.0,0.0,0.0,0.0,0.0,0.0,0.0,0.0,0.0,0.0,0.0,0.0,0.0,0.0,0.0,0.0,0.0,0.25,0.0,0.0,0.0,0.0
397,0,0,0,0,0,0,0,0,0,1,0,0,0,0,0,0,0,0,0,0,0,0,0,0,0,0,0,0,2,0,0,0,0.0,0.0,0.0,0.0,0.0,0.0,0.0,0.0,0.0,0.0,0.0,0.0,0.0,0.0,0.0,0.0,0.0,0.0,0.0,0.0,0.0,0.0,0.0,2.7878787878787876,0.0,-10.0,0.0,0.0
398,0,0,0,0,0,0,0,0,1,0,0,0,0,0,0,0,0,0,0,0,0,0,0,0,0,0,0,0,2,0,0,0,0.0,0.0,0.0,0.0,0.0,0.0,0.0,0.0,0.0,0.0,0.0,0.0,0.0,0.0,0.0,0.0,0.0,0.0,0.0,0.0,0.0,0.0,0.0,5.0,0.0,0.0,0.0,0.0
399,0,0,0,0,0,0,0,1,0,0,0,0,0,0,0,0,0,0,3,0,0,0,0,0,0,0,0,0,2,0,0,0,0.0,0.0,0.0,0.0,0.0,0.0,0.0,0.0,0.0,0.0,0.0,0.0,0.0,0.0,0.0,0.0,0.0,0.0,0.0,0.0,0.0,0.0,0.0,3.333333333333336,0.0,-10.0,0.0,0.0
400,0,0,0,0,0,0,1,0,0,0,0,0,0,0,0,0,0,0,3,0,0,0,0,0,0,0,0,0,2,0,0,0,0.0,0.0,0.0,0.0,0.0,0.0,0.0,0.0,0.0,0.0,0.0,0.0,0.0,0.0,0.0,0.0,0.0,0.0,0.0,0.0,0.0,0.0,0.0,2.8333333333333357,0.0,0.0,0.0,0.0
401,0,0,0,0,0,0,0,0,0,0,0,0,0,0,0,0,0,0,0,1,0,0,0,0,0,0,0,0,2,0,0,0,0.0,0.0,0.0,0.0,0.0,0.0,0.0,0.0,0.0,0.0,0.0,0.0,0.0,0.0,0.0,0.0,0.0,0.0,0.0,0.0,0.0,0.0,0.0,0.0,0.0,-0.33333333333333454,0.0,0.0
402,0,0,0,0,0,0,0,0,0,0,0,0,0,0,0,0,0,1,4,0,0,0,0,0,0,5,0,0,2,0,0,0,0.0,0.0,0.0,0.0,0.0,0.0,0.0,0.0,0.0,0.0,0.0,0.0,0.0,0.0,0.0,0.0,0.0,0.0,0.0,0.0,0.0,0.0,0.0,0.0,0.0,2.0,0.0,0.0
403,0,0,0,0,0,0,0,0,0,0,0,0,0,0,0,0,3,0,0,0,1,0,0,0,0,0,0,0,0,0,0,0,0.0,0.0,0.0,0.0,0.0,0.0,0.0,0.0,0.0,0.0,0.0,0.0,0.0,0.0,0.0,0.0,0.0,0.0,0.0,0.0,0.0,0.0,0.0,0.0,0.0,-10.0,3.166666666666667,0.0
404,0,0,0,0,0,0,0,0,0,0,0,0,0,0,0,0,4,0,1,0,0,0,0,0,0,0,0,0,2,0,0,0,0.0,0.0,0.0,0.0,0.0,0.0,0.0,0.0,0.0,0.0,0.0,0.0,0.0,0.0,0.0,0.0,0.0,0.0,0.0,0.0,0.0,0.0,0.0,0.0,0.0,-2.0,0.0,0.0
405,0,0,0,0,0,0,0,0,0,0,0,0,0,0,0,0,4,0,1,0,0,0,0,0,0,0,0,0,3,0,0,0,0.0,0.0,0.0,0.0,0.0,0.0,0.0,0.0,0.0,0.0,0.0,0.0,0.0,0.0,0.0,0.0,0.0,0.0,0.0,0.0,0.0,0.0,0.0,0.0,0.0,0.25,0.0,0.0
406,0,0,0,0,0,0,0,0,0,0,0,0,0,0,0,0,0,0,0,0,0,0,0,0,0,1,0,0,0,0,0,0,0.0,0.0,0.0,0.0,0.0,0.0,0.0,0.0,0.0,0.0,0.0,0.0,0.0,0.0,0.0,0.0,0.0,0.0,0.0,0.0,0.0,0.0,0.0,0.0,0.0,0.0,5.0,0.0
407,0,0,0,0,0,0,0,0,0,0,0,0,0,0,0,0,0,0,0,0,0,2,0,3,0,0,0,0,0,0,0,0,0.0,0.0,0.0,0.0,0.0,0.0,0.0,0.0,0.0,0.0,0.0,0.0,0.0,0.0,0.0,0.0,0.0,0.0,0.0,0.0,0.0,0.0,0.0,0.0,0.0,0.0,2.166666666666668,0.0
408,0,0,0,0,0,0,0,0,0,0,0,0,0,0,0,0,0,0,0,0,0,3,0,0,4,2,0,0,0,0,0,0,0.0,0.0,0.0,0.0,0.0,0.0,0.0,0.0,0.0,0.0,0.0,0.0,0.0,0.0,0.0,0.0,0.0,0.0,0.0,0.0,0.0,0.0,0.0,0.0,0.0,0.0,2.5,0.0
409,0,0,0,0,0,0,0,0,0,0,0,0,0,0,0,0,0,0,0,1,0,0,0,0,0,0,0,0,0,0,0,0,0.0,0.0,0.0,0.0,0.0,0.0,0.0,0.0,0.0,0.0,0.0,0.0,0.0,0.0,0.0,0.0,0.0,0.0,0.0,0.0,0.0,0.0,0.0,0.0,0.0,0.0,10.0,0.0
410,0,0,0,0,0,0,0,0,0,0,0,0,0,0,0,0,0,0,1,0,0,0,0,0,0,0,0,0,0,0,0,0,0.0,0.0,0.0,0.0,0.0,0.0,0.0,0.0,0.0,0.0,0.0,0.0,0.0,0.0,0.0,0.0,0.0,0.0,0.0,0.0,0.0,0.0,0.0,0.0,0.0,0.0,6.25,0.0
411,0,0,0,0,0,0,0,0,0,0,0,0,0,0,0,0,0,0,2,0,0,3,0,0,0,4,0,0,0,0,0,0,0.0,0.0,0.0,0.0,0.0,0.0,0.0,0.0,0.0,0.0,0.0,0.0,0.0,0.0,0.0,0.0,0.0,0.0,0.0,0.0,0.0,0.0,0.0,0.0,0.0,0.0,2.5,0.0
412,0,0,0,0,0,0,0,0,0,0,0,0,0,0,0,0,0,0,2,0,3,0,0,4,0,0,0,0,0,0,0,0,0.0,0.0,0.0,0.0,0.0,0.0,0.0,0.0,0.0,0.0,0.0,0.0,0.0,0.0,0.0,0.0,0.0,0.0,0.0,0.0,0.0,0.0,0.0,0.0,0.0,0.0,2.5,0.0
413,0,0,0,0,0,0,0,0,0,0,0,0,0,0,0,0,0,0,2,0,3,4,0,0,0,0,1,0,0,0,0,0,0.0,0.0,0.0,0.0,0.0,0.0,0.0,0.0,0.0,0.0,0.0,0.0,0.0,0.0,0.0,0.0,0.0,0.0,0.0,0.0,0.0,0.0,0.0,0.0,0.0,0.0,0.25,0.0
414,0,0,0,0,0,0,0,0,0,0,0,0,0,0,0,0,0,0,2,0,4,3,0,0,0,0,1,0,0,0,0,0,0.0,0.0,0.0,0.0,0.0,0.0,0.0,0.0,0.0,0.0,0.0,0.0,0.0,0.0,0.0,0.0,0.0,0.0,0.0,0.0,0.0,0.0,0.0,0.0,0.0,0.0,1.375,0.0
415,0,0,0,0,0,0,0,0,0,0,0,0,0,0,0,0,0,0,3,0,0,2,0,0,0,0,1,0,0,0,0,0,0.0,0.0,0.0,0.0,0.0,0.0,0.0,0.0,0.0,0.0,0.0,0.0,0.0,0.0,0.0,0.0,0.0,0.0,0.0,0.0,0.0,0.0,0.0,0.0,0.0,0.0,3.333333333333336,0.0
416,0,0,0,0,0,0,0,0,0,0,0,0,0,0,0,0,0,0,3,0,2,0,0,0,4,0,0,0,0,0,0,0,0.0,0.0,0.0,0.0,0.0,0.0,0.0,0.0,0.0,0.0,0.0,0.0,0.0,0.0,0.0,0.0,0.0,0.0,0.0,0.0,0.0,0.0,0.0,0.0,0.0,0.0,2.5,0.0
417,0,0,0,0,0,0,0,0,0,0,0,0,0,0,0,0,0,0,4,0,3,2,0,0,0,0,1,0,0,0,0,0,0.0,0.0,0.0,0.0,0.0,0.0,0.0,0.0,0.0,0.0,0.0,0.0,0.0,0.0,0.0,0.0,0.0,0.0,0.0,0.0,0.0,0.0,0.0,0.0,0.0,0.0,0.25,0.0
418,0,0,0,0,0,0,0,0,0,0,0,0,0,0,0,0,0,1,0,0,0,0,0,0,0,0,0,0,0,0,0,0,0.0,0.0,0.0,0.0,0.0,0.0,0.0,0.0,0.0,0.0,0.0,0.0,0.0,0.0,0.0,0.0,0.0,0.0,0.0,0.0,0.0,0.0,0.0,0.0,0.0,0.0,10.0,0.0
419,0,0,0,0,0,0,0,0,0,0,0,0,0,0,0,0,1,0,0,0,0,0,0,2,0,0,0,0,0,0,0,0,0.0,0.0,0.0,0.0,0.0,0.0,0.0,0.0,0.0,0.0,0.0,0.0,0.0,0.0,0.0,0.0,0.0,0.0,0.0,0.0,0.0,0.0,0.0,0.0,0.0,0.0,5.0,0.0
420,0,0,0,0,0,0,0,0,0,0,0,0,0,0,0,0,1,0,0,0,3,2,0,0,0,0,0,0,0,0,0,0,0.0,0.0,0.0,0.0,0.0,0.0,0.0,0.0,0.0,0.0,0.0,0.0,0.0,0.0,0.0,0.0,0.0,0.0,0.0,0.0,0.0,0.0,0.0,0.0,0.0,0.0,2.1666666666666643,0.0
421,0,0,0,0,0,0,0,0,0,0,0,0,0,0,0,0,1,0,2,0,0,0,0,0,0,0,0,0,0,0,0,0,0.0,0.0,0.0,0.0,0.0,0.0,0.0,0.0,0.0,0.0,0.0,0.0,0.0,0.0,0.0,0.0,0.0,0.0,0.0,0.0,0.0,0.0,0.0,0.0,0.0,0.0,5.0,0.0
422,0,0,0,0,0,0,0,0,0,0,0,0,0,0,0,0,1,0,3,0,0,2,0,0,0,0,0,0,0,0,0,0,0.0,0.0,0.0,0.0,0.0,0.0,0.0,0.0,0.0,0.0,0.0,0.0,0.0,0.0,0.0,0.0,0.0,0.0,0.0,0.0,0.0,0.0,0.0,0.0,0.0,0.0,2.333333333333336,0.0
423,0,0,0,0,0,0,0,0,0,0,0,1,0,0,0,0,0,0,0,0,0,0,0,0,0,0,0,0,0,0,0,0,0.0,0.0,0.0,0.0,0.0,0.0,0.0,0.0,0.0,0.0,0.0,0.0,0.0,0.0,0.0,0.0,0.0,0.0,0.0,0.0,0.0,0.0,0.0,0.0,0.0,0.0,10.0,0.0
424,0,0,0,0,0,0,0,0,0,0,1,0,0,0,0,0,0,0,0,0,0,0,0,0,0,0,0,0,0,0,0,0,0.0,0.0,0.0,0.0,0.0,0.0,0.0,0.0,0.0,0.0,0.0,0.0,0.0,0.0,0.0,0.0,0.0,0.0,0.0,0.0,0.0,0.0,0.0,0.0,0.0,0.0,10.0,0.0
425,0,0,0,0,0,0,0,0,0,1,0,0,0,0,0,0,0,0,0,0,0,0,0,0,0,0,0,0,0,0,0,0,0.0,0.0,0.0,0.0,0.0,0.0,0.0,0.0,0.0,0.0,0.0,0.0,0.0,0.0,0.0,0.0,0.0,0.0,0.0,0.0,0.0,0.0,0.0,0.0,0.0,0.0,10.0,0.0
426,0,0,0,0,0,0,0,0,1,0,0,0,0,0,0,0,0,0,0,0,0,0,0,0,0,0,0,0,0,0,0,0,0.0,0.0,0.0,0.0,0.0,0.0,0.0,0.0,0.0,0.0,0.0,0.0,0.0,0.0,0.0,0.0,0.0,0.0,0.0,0.0,0.0,0.0,0.0,0.0,0.0,0.0,10.0,0.0
427,0,0,0,0,0,0,0,1,0,0,0,0,0,0,0,0,0,0,0,0,0,0,0,0,0,0,0,0,0,0,0,0,0.0,0.0,0.0,0.0,0.0,0.0,0.0,0.0,0.0,0.0,0.0,0.0,0.0,0.0,0.0,0.0,0.0,0.0,0.0,0.0,0.0,0.0,0.0,0.0,0.0,0.0,10.0,0.0
428,0,0,0,0,0,0,1,0,0,0,0,0,0,0,0,0,0,0,0,0,0,0,0,0,0,0,0,0,0,0,0,0,0.0,0.0,0.0,0.0,0.0,0.0,0.0,0.0,0.0,0.0,0.0,0.0,0.0,0.0,0.0,0.0,0.0,0.0,0.0,0.0,0.0,0.0,0.0,0.0,0.0,0.0,10.0,0.0
429,0,0,0,0,0,1,0,0,0,0,0,0,0,0,0,0,0,0,0,0,0,0,0,0,0,0,0,0,0,0,0,0,0.0,0.0,0.0,0.0,0.0,0.0,0.0,0.0,0.0,0.0,0.0,0.0,0.0,0.0,0.0,0.0,0.0,0.0,0.0,0.0,0.0,0.0,0.0,0.0,0.0,0.0,10.0,0.0
430,0,0,0,0,1,0,0,0,0,0,0,0,0,0,0,0,0,0,2,0,0,3,0,0,0,0,0,0,0,0,0,0,0.0,0.0,0.0,0.0,0.0,0.0,0.0,0.0,0.0,0.0,0.0,0.0,0.0,0.0,0.0,0.0,0.0,0.0,0.0,0.0,0.0,0.0,0.0,0.0,0.0,0.0,3.0,0.0
431,0,0,1,0,0,0,0,0,0,0,0,0,0,0,0,0,0,0,0,0,0,0,0,0,0,0,0,0,0,0,0,0,0.0,0.0,0.0,0.0,0.0,0.0,0.0,0.0,0.0,0.0,0.0,0.0,0.0,0.0,0.0,0.0,0.0,0.0,0.0,0.0,0.0,0.0,0.0,0.0,0.0,0.0,10.0,0.0
432,0,1,0,0,0,0,0,0,0,0,0,0,0,0,0,0,0,0,0,0,0,0,0,0,0,0,0,0,0,0,0,0,0.0,0.0,0.0,0.0,0.0,0.0,0.0,0.0,0.0,0.0,0.0,0.0,0.0,0.0,0.0,0.0,0.0,0.0,0.0,0.0,0.0,0.0,0.0,0.0,0.0,0.0,10.0,0.0
433,1,0,0,0,0,0,0,0,0,0,0,0,0,0,0,0,0,0,0,0,0,0,0,0,0,0,0,0,0,0,0,0,0.0,0.0,0.0,0.0,0.0,0.0,0.0,0.0,0.0,0.0,0.0,0.0,0.0,0.0,0.0,0.0,0.0,0.0,0.0,0.0,0.0,0.0,0.0,0.0,0.0,0.0,10.0,0.0
